,City,Median_Household_Income,Percent_Male,Percent_Female,Percent_over_25y,Percent_HS_less,Percent_HS,Percent_Some_Col_Assoc,Percent_BS_over,Percent_unemployed,Poverty_Rate,Percent_Owner_Occ,Percent_Renter_Occ,Median_Rent,Population1,"Total
Offenses",Crime Rate
0,Abernathy,80114,4.2,8.2,6.6,11.3,6.2,3.9,3.9,0.0,0.9213759213759214,77.0,23.0,709,2783,32,4.311893639956881
1,Abilene,59254,14.1,17.6,12.3,31.2,16.7,9.3,9.3,20.6,7.19211908778616,54.0,46.0,1060,125186,8250,24.283865607975333
2,Addison,78153,7.9,8.8,6.6,14.6,9.9,6.6,6.6,43.5,4.091845746246689,17.3,82.7,1620,17531,2651,32.00045633449319
3,Alamo,47398,20.7,27.3,22.4,35.1,21.6,13.1,13.1,36.5,8.867219078415522,71.2,28.8,655,20383,1545,10.498945199430898
4,Alamo Heights,149332,3.4,3.4,3.9,0.0,8.1,10.8,10.8,0.0,2.1021021021021022,73.6,26.4,1390,7412,568,5.531570426335672
5,Alba,45313,19.2,4.9,14.5,43.1,6.0,2.6,2.6,0.0,7.063197026022305,84.3,15.7,561,493,17,0.0
6,Alice,43017,19.5,35.0,19.7,35.3,16.9,14.4,14.4,50.6,14.742461241410645,55.1,44.9,860,17727,2073,37.23134202064647
7,Alma,83333,1.2,8.0,1.6,6.4,2.2,0.0,0.0,0.0,1.279317697228145,90.7,9.3,794,407,4,0.0
8,Alpine,46619,19.2,21.4,18.1,27.1,24.2,10.3,10.3,92.4,10.02069679199724,58.4,41.6,780,5757,76,5.558450581900296
9,Alton,44317,26.2,30.0,22.8,30.0,27.2,13.9,13.9,38.0,12.427604871447905,61.0,39.0,891,19391,577,6.858852044763035
10,Alvarado,86083,5.1,10.7,8.8,10.3,10.2,5.4,5.4,100.0,3.925956061838894,62.7,37.3,992,5504,384,17.078488372093023
11,Alvin,68266,8.8,11.9,9.7,20.6,11.6,7.6,7.6,10.4,4.666127371672305,57.0,43.0,1165,27974,1538,17.15879030528348
12,Amarillo,60628,14.2,16.9,12.4,25.2,15.8,10.5,10.5,25.5,6.294676412871851,59.6,40.4,997,201572,18482,29.74619490802294
13,Andrews,86806,12.3,14.3,11.9,26.8,10.5,9.6,9.6,19.6,9.137017411052232,69.8,30.2,1415,13233,564,12.695533892541373
14,Angleton,77235,10.0,13.8,7.5,13.7,10.2,4.2,4.2,16.4,6.2642487046632125,64.5,35.5,1090,19369,1010,20.083638804274873
15,Anna,93785,11.0,6.9,8.4,29.8,20.4,2.3,2.3,0.0,7.312348668280872,80.1,19.9,1888,23541,739,6.201945541820653
16,Anthony,48934,14.9,23.5,15.4,24.3,23.0,6.6,6.6,35.7,8.265547100498557,74.5,25.5,983,3662,324,15.838339705079193
17,Aransas Pass,59403,13.0,15.3,13.8,31.4,9.9,14.4,14.4,22.6,8.339148639218424,63.1,36.9,1142,8056,625,24.577954319761666
18,Archer City,40714,25.3,24.0,15.9,38.7,10.6,26.2,26.2,-,15.916722632639354,70.9,29.1,499,1593,49,1.8832391713747645
19,Arcola,74268,9.4,10.5,12.3,19.1,7.3,18.2,18.2,43.4,5.145929339477727,67.0,33.0,1155,2260,69,10.619469026548673
20,Argyle,205246,0.0,0.5,0.3,0.0,0.0,1.9,1.9,0.0,0.0,86.7,13.3,2520,4986,105,3.0084235860409145
21,Arlington,71736,12.0,13.9,9.9,20.1,11.5,8.3,8.3,21.7,5.556890063255665,54.9,45.1,1297,391591,27745,23.085310949434486
22,Arp,63472,5.1,8.3,5.9,18.5,4.1,3.6,3.6,0.0,3.8771031455742504,72.3,27.7,1125,953,30,2.0986358866736623
23,Athens,54828,18.9,15.2,11.9,34.2,9.8,9.3,9.3,35.4,4.9800627810299485,55.7,44.3,1063,12986,492,8.778684737409517
24,Atlanta,62215,25.0,25.9,18.5,54.0,23.0,11.1,11.1,25.8,9.016859253646524,65.5,34.5,909,5443,186,9.369832812787067
25,Aubrey,93071,4.2,21.1,8.8,30.3,18.8,7.3,7.3,44.0,7.293080054274085,76.4,23.6,1275,7873,276,14.225835132732122
26,Austin,86556,11.4,13.5,9.2,24.5,17.5,9.8,9.8,29.9,6.646739734459557,44.4,55.6,1549,965234,74299,20.51523257572775
27,Azle,83081,8.1,14.4,11.7,12.5,20.6,8.5,8.5,51.2,3.8806420013563407,74.5,25.5,1242,13615,905,15.203819316929856
28,Baird,49402,9.2,15.1,12.3,34.7,13.1,5.3,5.3,39.0,8.994082840236686,71.5,28.5,498,1529,26,5.232177894048398
29,Balch Springs,58680,9.0,13.8,10.1,15.3,8.3,8.7,8.7,10.2,5.466167070751598,61.8,38.2,1166,26973,1608,13.457902346791235
30,Balcones Heights,28184,38.1,50.8,39.4,20.9,52.6,40.2,40.2,59.2,17.918651520703555,18.6,81.4,853,2709,574,33.59173126614987
31,Ballinger,54583,9.1,15.5,13.3,18.0,21.9,5.5,5.5,34.7,0.8891523414344991,68.3,31.7,966,3577,115,9.784735812133071
32,Bangs,47409,10.8,13.7,11.2,27.2,8.2,12.8,12.8,71.4,3.1534263189812006,66.4,33.6,762,1541,10,5.1914341336794285
33,Bastrop,59087,11.6,11.4,10.4,19.1,6.9,20.2,20.2,34.6,10.105532459226096,54.3,45.7,1179,11101,931,21.889919827042608
34,Bay City,50212,25.8,31.1,23.7,36.6,24.9,21.6,21.6,43.6,18.36269311897839,54.1,45.9,993,17796,1723,24.331310406832998
35,Baytown,61158,14.5,20.4,13.9,18.5,16.2,12.1,12.1,35.3,8.206603480793563,53.6,46.4,1207,81477,6139,18.37328325785191
36,Beaumont,53745,18.3,22.4,15.7,27.1,22.5,12.7,12.7,22.7,9.669625599541842,54.4,45.6,992,110898,11464,35.72652347201934
37,Bedford,80924,6.1,7.4,6.1,15.8,6.9,6.7,6.7,14.0,2.566879892092947,53.4,46.6,1332,48579,3045,9.860227670392556
38,Bee Cave,104949,1.6,5.6,4.0,2.9,5.5,2.1,2.1,43.4,3.1432163675848668,52.8,47.2,1787,8870,340,4.058624577226606
39,Beeville,47815,20.6,32.8,22.2,48.4,25.2,14.7,14.7,30.3,13.48753379393211,56.3,43.7,986,13592,913,15.670982931135963
40,Bellaire,215636,2.1,2.3,2.4,5.1,5.4,1.4,1.4,8.2,1.441914769410391,87.4,12.6,2423,16783,688,3.098373353989156
41,Bellmead,51474,23.6,20.3,16.1,27.2,14.3,15.2,15.2,60.2,7.72034142131006,56.4,43.6,939,10589,730,21.05959014071206
42,Bells,75625,12.3,19.5,15.8,30.8,25.3,7.3,7.3,69.2,9.26016658500735,71.6,28.4,848,1557,23,7.064868336544637
43,Bellville,61500,5.9,9.4,9.3,30.4,3.6,14.3,14.3,-,3.296432964329643,65.2,34.8,871,4066,169,14.510575504181013
44,Belton,57025,12.1,23.0,10.8,43.3,9.9,5.7,5.7,39.9,9.5084650401514,49.5,50.5,1159,24188,1583,17.77741028609228
45,Benbrook,80971,6.4,7.5,6.0,10.7,10.9,7.1,7.1,7.8,3.929086786229643,67.9,32.1,1389,24739,836,6.952584987267068
46,Bertram,61688,12.1,18.9,9.3,25.9,7.0,6.5,6.5,0.0,11.885714285714286,79.2,20.8,1366,1913,35,7.3183481442760066
47,Beverly Hills,49597,11.7,18.0,10.3,19.3,9.1,8.0,8.0,65.1,1.837270341207349,64.2,35.8,953,1867,231,28.387787895018747
48,Big Sandy,41250,26.4,37.5,20.1,32.3,20.3,19.7,19.7,42.9,24.05329593267882,42.1,57.9,717,1295,56,12.355212355212355
49,Big Spring,65418,15.0,20.4,16.5,21.9,18.7,17.4,17.4,34.5,8.132107099170934,61.8,38.2,995,25254,1979,27.12441593410945
50,Blanco,59601,6.6,14.6,10.1,3.4,11.1,15.1,15.1,93.3,2.1479713603818613,53.4,46.6,851,1870,95,13.903743315508022
51,Blue Mound,68500,2.6,5.5,4.0,3.3,2.4,7.5,7.5,7.4,1.6800305460099276,81.6,18.4,1361,2325,95,3.010752688172043
52,Boerne,82982,6.9,8.3,6.9,13.7,16.9,7.1,7.1,10.6,5.926297597145565,59.4,40.6,1453,20488,816,7.760640374853573
53,Bogata,34375,17.5,21.1,22.4,28.9,26.1,18.8,18.8,0.0,4.962546816479401,65.3,34.7,755,1098,37,9.107468123861567
54,Borger,54159,9.1,13.2,10.3,14.5,11.1,12.0,12.0,12.3,4.552806081190361,77.3,22.7,868,12366,641,18.761119197800422
55,Bovina,39783,20.3,18.3,19.1,23.8,9.7,24.0,24.0,0.0,4.185351270553064,73.0,27.0,818,1706,12,2.9308323563892147
56,Bowie,60659,16.2,13.4,11.6,47.6,9.9,5.0,5.0,0.0,11.37262285821879,69.3,30.7,1161,5659,234,8.65877363491783
57,Brady,50197,9.7,15.3,13.3,5.0,16.8,21.9,21.9,0.0,4.269889224572005,62.7,37.3,808,4998,157,7.8031212484994
58,Brazoria,38889,24.0,20.6,23.6,42.9,32.5,11.2,11.2,69.4,9.221598877980366,57.5,42.5,926,2823,90,6.376195536663124
59,Breckenridge,38500,12.1,30.2,15.7,9.9,27.1,13.3,13.3,3.6,12.708575863407065,67.9,32.1,665,5294,255,14.922553834529657
60,Bremond,75375,11.0,16.6,16.0,36.0,18.6,6.8,6.8,0.0,7.8597339782345825,60.4,39.6,915,862,18,10.440835266821345
61,Brenham,52664,19.4,17.1,12.0,21.0,18.6,11.5,11.5,53.6,7.0251686559418784,57.2,42.8,1003,18785,1007,14.958743678466863
62,Bridge City,95688,7.5,9.7,8.5,9.9,13.5,9.5,9.5,0.0,3.657118697812071,77.4,22.6,1045,9495,244,6.529752501316482
63,Bridgeport,96231,4.8,6.1,2.5,6.3,5.4,0.9,0.9,0.0,3.111111111111111,65.3,34.7,1136,6186,305,8.567733591981895
64,Brookshire,58712,17.8,25.1,18.8,6.3,27.8,25.5,25.5,7.0,4.9573666468372,68.9,31.1,1216,5739,170,11.84875413835163
65,Brownfield,41228,19.5,32.6,14.9,22.9,16.8,10.2,10.2,46.1,12.367708589712036,64.5,35.5,759,8877,380,17.23555255153768
66,Brownsville,46735,24.0,28.1,21.7,36.2,23.0,13.1,13.1,25.8,10.892387035518537,60.3,39.7,872,188906,10206,19.432945486114786
67,Brownwood,45412,14.3,20.9,15.8,26.9,19.1,10.9,10.9,25.5,8.598130841121495,54.2,45.8,835,18751,1290,19.41229801077276
68,Bruceville-Eddy,68438,13.6,8.8,6.6,5.5,7.8,7.2,7.2,28.9,7.550644567219153,86.1,13.9,1118,1428,60,6.302521008403361
69,Buda,105378,7.3,8.4,8.3,34.5,5.5,13.7,13.7,43.6,3.093952123758085,72.4,27.6,1648,16000,703,6.25
70,Buffalo,57813,13.4,16.9,13.0,29.8,7.2,10.6,10.6,0.0,8.90710382513661,54.8,45.2,934,1812,53,5.518763796909493
71,Bullard,104141,11.8,7.5,7.6,28.6,10.8,8.8,8.8,45.2,3.7223621606493142,78.6,21.4,1500,4062,77,3.9389463318562288
72,Bulverde,107315,3.6,8.0,4.2,13.2,6.7,4.0,4.0,0.0,2.6492344744538108,92.1,7.9,1374,6268,646,7.657945118059987
73,Burkburnett,62143,7.7,10.4,7.1,21.0,11.0,2.9,2.9,20.9,5.310547592796766,63.2,36.8,875,11057,187,6.692592927557204
74,Burleson,87312,6.0,8.5,5.7,17.6,9.2,4.4,4.4,31.9,2.7466000327707683,69.9,30.1,1571,55356,2040,10.495700556398583
75,Burnet,77376,7.6,5.4,5.5,40.3,2.0,6.9,6.9,41.8,4.197488388095648,78.5,21.5,997,6861,427,12.09736190059758
76,Cactus,49605,9.0,16.9,11.3,12.7,7.2,8.0,8.0,0.0,3.558484349258649,40.8,59.2,699,3058,180,19.62066710268149
77,Caddo Mills,73056,4.3,7.2,6.5,25.3,5.7,7.8,7.8,4.7,2.1505376344086025,61.9,38.1,972,3568,67,3.9237668161434978
78,Caldwell,57222,9.4,19.9,13.2,15.3,31.6,4.5,4.5,100.0,7.540899795501023,66.2,33.8,965,4249,128,5.64838785596611
79,Calvert,63750,0.5,9.3,7.0,20.7,13.2,1.6,1.6,35.0,3.0643513789581207,53.3,46.8,846,965,38,8.290155440414507
80,Cameron,57076,22.4,26.3,18.8,23.3,21.8,20.7,20.7,28.2,8.812487650661925,59.7,40.3,830,5415,132,9.972299168975068
81,Canton,52500,16.3,10.0,13.3,41.8,13.6,8.7,8.7,43.5,7.275464124435524,63.4,36.6,968,4408,250,9.528130671506352
82,Canyon,67631,11.9,16.4,10.9,20.3,20.2,7.4,7.4,15.3,10.610573343261356,54.4,45.6,919,15680,433,7.653061224489796
83,Carrollton,95380,6.0,7.6,6.0,15.7,4.7,5.0,5.0,14.6,3.3700189753320684,58.3,41.7,1555,133610,5592,7.58925230147444
84,Carthage,42788,15.0,24.9,17.2,13.8,26.2,18.7,18.7,0.0,10.914743904434626,67.1,32.9,680,6558,494,20.585544373284538
85,Castle Hills,102768,8.9,5.7,7.4,53.5,6.4,3.4,3.4,0.0,6.921906693711967,82.5,17.5,1469,3921,531,9.436368273399644
86,Castroville,72805,10.0,13.4,11.6,43.7,3.9,11.9,11.9,100.0,5.973756906077348,69.4,30.6,1203,3052,132,5.5701179554390565
87,Cedar Hill,84132,11.4,8.4,7.8,7.6,12.8,7.2,7.2,23.1,4.524990620701154,70.4,29.6,1676,48483,1994,7.115896293546192
88,Cedar Park,118903,4.9,6.1,5.1,23.9,9.6,5.9,5.9,17.3,2.3705363025431545,66.7,33.3,1677,79353,2724,8.229052461784685
89,Celina,142643,7.4,4.4,6.3,0.0,0.0,11.7,11.7,28.4,0.8930241256779502,90.5,9.5,1853,24190,557,4.175279040926003
90,Center,57875,31.9,30.6,22.3,17.5,35.0,15.3,15.3,24.4,14.977277217941118,58.2,41.8,942,5111,290,11.543729211504598
91,Chandler,53814,3.2,6.3,5.3,0.0,9.9,3.3,3.3,0.0,1.084262701363073,71.0,29.0,902,3529,66,2.5502975347123833
92,Childress,55500,15.1,13.2,14.9,51.3,5.8,9.9,9.9,18.9,2.029520295202952,63.0,37.0,858,5915,163,6.931530008453086
93,China Grove,99671,2.2,7.5,5.0,3.4,11.8,1.9,1.9,26.7,3.3007334963325183,91.2,8.8,-,1128,73,1.7730496453900708
94,Cibolo,116510,4.0,3.3,2.6,18.7,3.2,1.0,1.0,19.1,2.035373816019373,84.4,15.6,1872,34159,1231,9.104481981322639
95,Cisco,59698,3.5,3.9,3.6,0.0,12.0,2.0,2.0,0.0,0.2295552367288378,64.2,35.8,848,3902,168,12.04510507432086
96,Cleburne,60929,13.8,13.5,11.3,23.4,10.8,9.7,9.7,34.3,6.19683689640674,59.6,40.4,1198,32728,985,7.027621608408702
97,Clifton,56500,19.6,24.1,14.9,22.9,7.6,26.2,26.2,0.0,4.1062056190182155,66.9,33.1,964,3526,60,5.955757231990924
98,Clute,68306,6.5,12.4,6.1,11.4,11.0,2.3,2.3,4.5,3.667110013300398,50.7,49.3,1189,10557,902,29.932746045278012
99,Clyde,60799,10.9,12.9,9.3,15.3,17.1,5.8,5.8,24.0,3.95750332005312,74.8,25.2,1010,4038,138,8.915304606240714
100,Cockrell Hill,49810,7.3,9.5,6.8,9.7,4.8,6.7,6.7,23.6,1.5087347803070408,72.0,28.0,1009,3687,185,7.051803634391104
101,Coffee City,57917,2.1,6.3,4.7,0.0,0.0,12.5,12.5,0.0,3.557312252964427,82.7,17.3,1423,246,35,20.32520325203252
102,Coleman,49588,21.9,19.8,15.1,11.2,10.9,25.0,25.0,70.3,0.7700205338809034,64.8,35.2,731,3943,65,4.311437991377124
103,College Station,52397,28.4,28.5,9.7,31.5,14.6,11.0,11.0,51.7,18.847608703793867,36.3,63.7,1129,121618,5535,8.954266638162114
104,Colleyville,196298,3.1,3.6,3.7,0.7,6.4,5.0,5.0,3.3,1.644418649642097,95.9,4.1,2785,25897,656,2.7416303046684947
105,Collinsville,59525,9.1,13.0,12.7,27.6,10.0,11.1,11.1,0.0,3.505747126436782,59.6,40.4,1108,1993,16,5.017561465127947
106,Columbus,56250,11.6,11.5,8.2,19.9,6.9,2.1,2.1,0.0,6.215348701488182,74.2,25.8,856,3598,116,8.893829905503058
107,Comanche,47628,12.1,20.8,9.3,14.3,13.1,4.8,4.8,10.0,2.4533856722276743,69.8,30.2,814,4276,298,20.112254443405053
108,Combes,39555,18.2,16.8,14.5,20.8,8.7,17.9,17.9,4.2,4.870129870129871,81.8,18.2,859,3071,162,11.722565939433409
109,Commerce,41382,21.9,27.4,16.4,24.9,28.5,11.1,11.1,14.8,15.17580872011252,39.6,60.4,913,8876,485,15.772870662460567
110,Conroe,71630,11.2,12.4,9.9,20.8,13.8,9.2,9.2,22.1,4.946616483600891,56.1,43.9,1255,98623,6056,14.854547113756425
111,Converse,77237,14.3,15.3,9.3,23.5,9.8,12.0,12.0,17.6,5.143493409001113,74.9,25.1,1403,29503,1392,9.253296274955089
112,Coppell,143817,2.1,3.2,2.3,3.5,4.1,4.5,4.5,2.9,0.8646279979267776,70.5,29.5,1743,42021,1061,3.9266081245091735
113,Copperas Cove,64798,8.8,9.7,8.9,23.4,13.4,7.6,7.6,24.0,3.5539079050061324,56.2,43.8,962,37841,2744,23.0702148463307
114,Corinth,116083,4.9,4.7,4.4,12.4,4.4,5.3,5.3,0.0,2.4865441928739824,76.2,23.8,1676,22719,623,5.722082838153088
115,Corpus Christi,64449,15.5,19.0,13.8,26.4,16.4,12.3,12.3,34.0,7.699002369171756,57.3,42.7,1178,317694,29190,28.0867753246835
116,Corrigan,42212,19.6,32.2,24.3,22.3,26.2,28.3,28.3,46.1,9.062661833247022,43.5,56.5,691,1487,80,9.41492938802959
117,Corsicana,49353,16.4,19.0,14.6,13.0,21.9,14.9,14.9,29.8,6.27379572918391,54.3,45.7,966,25585,1461,15.438733632988079
118,Crandall,101829,6.7,9.1,6.6,22.4,12.7,2.2,2.2,5.8,4.692154915590864,88.4,11.6,1152,4671,535,30.828516377649326
119,Crane,73977,4.0,3.2,5.8,5.1,3.5,7.9,7.9,51.4,2.5753585016095992,79.8,20.2,913,3485,68,4.30416068866571
120,Crockett,37500,25.2,29.0,21.2,29.2,31.1,11.6,11.6,29.0,11.19787340089716,46.5,53.5,742,6428,615,13.378967019290604
121,Crowley,88333,5.9,6.7,5.4,10.1,10.5,3.1,3.1,18.0,2.5583800555222904,72.5,27.5,1599,20362,824,8.103329731853453
122,Cuero,53386,18.7,25.9,22.4,42.4,26.7,12.4,12.4,8.3,5.788235294117647,55.1,44.9,940,8271,433,15.113045580945473
123,Cuney,26406,12.3,49.1,20.5,12.5,46.8,0.0,0.0,0.0,4.294478527607362,89.5,10.5,-,115,6,17.391304347826086
124,Daingerfield,40573,23.8,32.3,18.9,11.7,29.8,17.4,17.4,82.4,6.625258799171843,66.5,33.5,718,2520,113,8.730158730158731
125,Dalhart,75000,7.4,9.8,7.5,0.1,3.9,17.8,17.8,54.6,3.1562740569668977,78.1,21.9,1133,8410,211,9.631391200951247
126,Dallas,63985,15.4,19.7,13.7,23.5,20.4,12.0,12.0,31.5,7.956603032812056,41.9,58.1,1305,1286121,107022,22.212528992217685
127,Dayton,59848,15.5,18.0,14.9,48.9,10.0,6.5,6.5,55.2,3.151587777112043,66.9,33.1,986,9451,447,9.522801819913237
128,Decatur,70579,2.5,7.0,7.5,12.6,16.2,0.0,0.0,0.0,2.6287136413128014,64.2,35.8,889,7147,669,15.530992024625716
129,Deer Park,89219,6.8,7.9,7.0,16.2,10.8,4.8,4.8,7.7,3.035767070647354,76.6,23.4,1255,33022,1412,7.08618496759736
130,De Leon,40720,12.5,10.9,10.7,12.0,15.2,0.0,0.0,8.9,3.1067961165048543,76.1,23.9,536,2310,63,8.225108225108226
131,Del Rio,57072,17.6,20.0,18.6,33.3,20.6,13.0,13.0,32.9,8.740421455938698,66.7,33.3,861,34495,1281,12.175677634439774
132,Denison,58930,18.1,18.0,13.3,18.6,17.1,13.1,13.1,26.1,6.987882757491404,60.6,39.4,1058,25828,1182,9.911723710701564
133,Denton,71921,15.2,16.2,8.2,13.2,10.1,9.2,9.2,36.0,8.41513776995464,49.4,50.6,1264,154230,8384,16.073396874797382
134,Denver City,81449,17.1,4.9,7.8,5.1,3.3,17.1,17.1,25.0,6.0764679107874375,72.5,27.5,1042,4346,80,7.363092498849517
135,DeSoto,81736,8.3,8.2,7.2,11.4,9.3,6.9,6.9,8.5,4.132907023216946,70.1,29.9,1414,55956,2609,14.225462863678604
136,Devine,45616,18.0,16.9,17.2,58.2,14.9,1.6,1.6,-,10.623827392120075,70.0,30.0,662,4483,203,6.915012268570154
137,Diboll,55399,25.0,26.8,14.5,19.0,16.0,13.0,13.0,26.6,13.33170850597124,68.7,31.3,525,4466,190,8.508732646663681
138,Dickinson,81739,10.5,14.8,9.2,21.7,15.4,5.7,5.7,25.6,7.529685681024446,79.0,21.0,1163,21936,994,15.36287381473377
139,Dilley,59044,11.9,23.0,16.3,33.8,11.2,7.0,7.0,90.0,5.809926894959601,73.1,26.9,669,3318,57,8.740204942736588
140,Dimmitt,64848,11.9,10.8,8.4,11.9,7.4,3.7,3.7,85.9,7.142857142857142,58.5,41.5,840,4183,91,6.932823332536457
141,Donna,34049,35.1,40.6,29.3,47.5,28.3,15.6,15.6,60.0,20.131461009859574,59.5,40.5,694,16842,1046,16.862605391283697
142,Double Oak,187115,3.5,3.0,2.7,4.8,4.4,4.8,4.8,0.0,1.2833168805528137,97.3,2.7,-,3052,37,2.293577981651376
143,Driscoll,35246,35.5,47.7,29.5,36.8,25.5,3.0,3.0,100.0,35.041551246537395,33.3,66.7,1085,668,3,2.9940119760479043
144,Dublin,52153,39.9,15.1,23.8,29.2,43.9,19.4,19.4,0.0,12.627169359664872,76.9,23.1,973,3469,65,6.630152781781493
145,Dumas,65379,13.2,15.2,14.6,11.0,25.0,8.0,8.0,52.6,4.872896274910218,67.2,32.8,1000,14140,737,11.244695898161243
146,Duncanville,66601,8.5,11.6,8.2,12.1,6.5,10.6,10.6,22.6,4.375701634027691,64.5,35.5,1458,39474,1902,10.006586613973756
147,Eagle Pass,52254,19.5,26.9,18.7,37.0,18.2,14.6,14.6,20.5,9.021505376344086,56.4,43.6,730,28811,1782,15.75787025788761
148,Early,60313,5.5,16.5,7.4,11.5,14.9,7.6,7.6,0.0,6.562193927522038,70.7,29.3,1076,3161,169,15.817779183802596
149,Eastland,55802,16.0,16.2,18.1,38.3,20.9,5.1,5.1,43.5,10.20697476609016,61.8,38.2,761,3630,153,7.988980716253443
150,Edgewood,70197,8.1,18.5,7.9,18.9,4.4,10.2,10.2,0.0,3.3214709371292996,64.2,35.8,959,1649,2,1.2128562765312312
151,Edinburg,54139,24.2,27.2,19.7,42.5,22.0,17.8,17.8,31.8,10.076800433500413,53.6,46.4,920,104987,7341,22.802823206682735
152,Edna,60361,22.4,15.5,19.4,36.7,15.0,18.3,18.3,48.9,3.826355525051476,66.0,34.0,942,5976,150,12.048192771084338
153,El Campo,62667,16.7,18.3,14.3,31.3,12.1,8.1,8.1,45.6,7.366771159874608,56.8,43.2,974,12235,1138,20.841847159787495
154,Electra,44922,18.6,22.0,20.4,40.3,18.7,17.5,17.5,49.0,9.955860716037272,66.2,33.8,705,2286,75,13.123359580052494
155,Elgin,85014,10.3,10.1,7.8,20.7,8.9,0.2,0.2,7.8,9.280032633081786,63.0,37.0,1128,11245,416,12.094264117385505
156,Elmendorf,55313,17.1,19.6,15.9,29.9,10.8,9.2,9.2,58.1,13.736036408771204,80.3,19.7,1292,2202,68,3.1789282470481384
157,El Paso,55710,16.8,21.0,15.6,32.3,17.7,13.0,13.0,30.8,8.13999606367307,59.5,40.5,976,678232,30156,14.785501126458202
158,Elsa,44505,21.1,15.4,16.5,34.5,12.0,16.9,16.9,0.0,5.640569395017794,74.0,26.0,691,5683,536,16.18863276438501
159,Emory,38750,12.6,21.3,14.1,12.1,17.1,13.1,13.1,15.0,8.097784568372804,45.1,54.9,916,1359,29,2.9433406916850626
160,Ennis,73176,11.6,11.5,9.0,12.8,13.5,7.6,7.6,13.1,3.718563460221157,63.5,36.5,1176,22254,899,6.740361283364789
161,Euless,77403,7.7,8.7,6.7,21.3,4.9,6.1,6.1,28.2,3.6191425722831503,39.5,60.5,1497,59901,2933,9.048262967229261
162,Everman,56420,20.5,25.4,22.1,31.0,29.5,8.0,8.0,1.5,9.111766633890529,57.6,42.4,1185,5993,204,6.6744535291173035
163,Fairfield,48512,19.8,31.1,20.3,20.2,28.2,15.7,15.7,0.0,6.525839305922293,46.7,53.3,900,2939,106,10.888057162300102
164,Fair Oaks Ranch,150237,4.2,1.6,2.7,0.0,9.9,4.8,4.8,0.0,2.1175758798023594,97.3,2.7,2316,11119,439,4.047126540156489
165,Fairview,103219,11.0,17.9,9.5,16.0,48.6,1.1,1.1,63.3,12.005022213637242,72.0,28.0,1703,10917,109,0.9160025648071815
166,Falfurrias,31275,42.6,25.4,26.0,70.5,11.9,17.3,17.3,100.0,18.41071841071841,53.2,46.8,377,4754,55,7.7829196466133785
167,Farmers Branch,88282,8.3,9.4,6.9,18.4,10.4,5.3,5.3,4.4,3.77173578248817,48.1,51.9,1701,36595,2388,10.465910643530536
168,Farmersville,-,19.8,23.6,20.1,6.5,28.1,20.5,20.5,0.0,19.01685393258427,68.2,31.8,1169,4024,126,8.20079522862823
169,Farwell,65625,11.2,5.1,4.5,8.1,2.3,5.2,5.2,-,3.3400133600534407,70.8,29.2,1107,1383,8,0.7230657989877078
170,Fate,121935,1.7,4.0,2.4,3.4,2.9,4.8,4.8,0.0,2.247841650873868,89.9,10.1,2282,23955,319,3.4648298893759133
171,Ferris,62036,13.0,9.2,5.6,6.5,10.3,3.7,3.7,100.0,3.913824057450628,58.6,41.4,1231,2893,111,10.024196335983408
172,Flatonia,66477,4.5,7.6,4.1,6.8,4.2,3.1,3.1,0.0,0.6822057987492893,80.2,19.8,640,1348,36,5.934718100890208
173,Florence,51875,16.4,10.6,14.6,45.0,4.7,10.6,10.6,100.0,3.762376237623762,58.8,41.2,893,1218,39,11.494252873563218
174,Floresville,60556,12.7,16.2,16.7,22.5,16.3,18.0,18.0,0.0,10.415180482237124,66.6,33.4,1031,7971,332,10.0363818843307
175,Flower Mound,154471,3.3,5.2,3.3,22.9,6.6,4.2,4.2,16.9,3.067075086396481,82.9,17.1,2039,78167,1466,2.635383217982013
176,Floydada,43938,18.1,27.0,19.3,17.5,30.1,22.6,22.6,29.6,9.138576779026216,62.9,37.1,514,2638,93,14.025777103866567
177,Forest Hill,58713,8.1,14.3,9.7,16.7,5.9,6.3,6.3,16.6,8.60691458454387,70.1,29.9,1491,13685,518,12.933869199853854
178,Forney,102107,5.6,8.0,6.1,15.8,10.9,5.1,5.1,2.1,2.2071104748270103,73.0,27.0,1466,31105,951,5.593955955634143
179,Fort Stockton,65657,28.7,28.2,19.5,43.6,20.9,10.9,10.9,27.1,14.250422571837213,65.7,34.3,872,8411,131,8.322434906669837
180,Fort Worth,72726,11.8,14.9,10.4,19.5,14.3,9.1,9.1,26.9,6.171257269726285,56.7,43.3,1313,948605,52914,14.34949214899774
181,Franklin,49063,13.9,23.1,14.0,43.3,16.0,11.6,11.6,0.0,4.88599348534202,53.1,46.9,773,1781,34,5.614823133071308
182,Frankston,56957,9.3,9.7,7.5,23.3,3.6,9.3,9.3,5.9,3.694779116465864,66.6,33.4,1023,1117,188,21.486123545210386
183,Fredericksburg,56858,10.6,12.0,10.0,32.1,12.9,8.0,8.0,61.1,3.935682901748154,57.3,42.7,1296,11348,346,8.724004229820233
184,Freeport,50704,17.7,18.5,15.6,22.2,17.7,10.0,10.0,45.9,10.080193957478553,58.0,42.0,1043,10500,454,14.476190476190476
185,Freer,64438,9.8,15.8,8.9,24.9,7.9,4.6,4.6,1.3,7.890800299177263,66.7,33.3,938,2454,42,11.409942950285249
186,Friendswood,121301,2.5,3.3,2.8,7.3,5.9,2.0,2.0,10.7,1.8121829910868177,76.8,23.2,1636,40851,1110,5.165112237154537
187,Friona,67837,6.4,14.2,7.7,18.9,5.5,0.0,0.0,31.5,1.7971442639094042,75.5,24.5,786,4121,58,5.338510070371269
188,Frisco,144567,3.0,3.2,3.2,7.7,5.4,5.4,5.4,13.5,1.5979660444629833,67.2,32.8,1803,218962,7099,6.133484348882455
189,Fulshear,170602,0.7,2.1,2.0,0.0,8.4,2.4,2.4,11.8,0.6097560975609756,94.0,6.0,1745,18058,303,2.215084726990807
190,Gainesville,49170,20.4,23.1,18.0,26.4,25.2,11.2,11.2,53.5,6.85724410844014,49.6,50.4,1037,17789,1411,14.671988307380966
191,Galena Park,45614,27.4,33.7,20.4,22.4,21.9,14.4,14.4,36.6,14.343009931245229,68.0,32.0,1163,10240,388,10.64453125
192,Galveston,57453,18.9,19.6,14.9,26.5,18.1,15.1,15.1,35.3,10.367461995368972,46.3,53.7,1200,52920,3887,21.957671957671955
193,Ganado,55938,7.4,15.6,7.7,13.1,2.6,10.0,10.0,-,6.581272084805653,50.2,49.8,840,1998,40,3.003003003003003
194,Garden Ridge,156711,0.0,1.0,0.6,23.8,0.6,0.0,0.0,0.0,0.0964785335262904,95.5,4.5,-,4442,164,2.7014858171994596
195,Garland,71044,11.4,12.1,9.1,15.0,9.7,7.3,7.3,20.3,5.0738147860050296,62.0,38.0,1421,241095,13710,14.098177067131214
196,Garrison,40147,17.0,22.3,19.8,62.8,23.2,4.8,4.8,47.2,7.207207207207207,59.6,40.4,810,791,15,7.585335018963337
197,Gatesville,46536,12.1,11.0,10.7,32.9,12.7,5.6,5.6,21.5,5.191808479953851,57.3,42.7,937,17154,429,8.277952664101667
198,Georgetown,87465,6.7,7.5,5.9,19.1,11.5,5.1,5.1,13.3,2.627772765677135,71.6,28.4,1575,83371,2689,7.208741648774754
199,George West,46705,17.9,32.7,21.7,33.3,16.2,7.7,7.7,27.3,7.077276205049731,63.1,36.9,823,2194,101,9.115770282588878
200,Giddings,63529,18.6,24.5,14.9,48.9,10.4,7.9,7.9,0.0,4.158131913150348,61.3,38.7,1139,5144,294,16.1353032659409
201,Gilmer,43894,13.7,24.2,14.3,49.1,3.9,15.3,15.3,19.5,9.136612021857925,55.8,44.2,848,4997,398,20.812487492495496
202,Gladewater,47749,21.5,39.3,18.4,20.8,26.5,13.6,13.6,7.4,13.95072217502124,56.2,43.8,808,6174,156,7.288629737609329
203,Glenn Heights,87686,9.9,10.5,11.0,23.3,15.9,10.3,10.3,6.9,3.620763098642975,86.0,14.0,1304,18398,618,10.00108707468203
204,Godley,56792,20.1,16.7,22.1,37.7,27.0,21.7,21.7,48.2,12.661064425770308,81.1,18.9,1171,2245,65,7.57238307349666
205,Gonzales,58542,13.0,22.2,16.5,24.3,17.0,11.8,11.8,0.0,6.064534716220109,51.8,48.2,916,7089,529,18.479334179715053
206,Graham,63361,14.9,19.9,10.1,11.1,13.6,11.3,11.3,18.2,3.692883019749913,63.4,36.6,898,8823,439,11.334013374135782
207,Granbury,65015,11.0,11.1,6.0,16.5,9.5,3.5,3.5,81.3,2.5031169080272373,58.3,41.7,1218,12132,1003,16.485328058028355
208,Grand Prairie,76626,9.7,13.1,8.8,18.5,9.5,5.8,5.8,28.2,4.831891091677731,59.2,40.8,1381,199663,9253,7.783114548013403
209,Grand Saline,37823,19.7,25.6,21.7,38.3,17.5,11.9,11.9,44.0,10.114305507447176,67.4,32.6,828,3236,69,5.562422744128554
210,Grapeland,44205,14.7,15.2,14.6,36.6,12.5,16.8,16.8,20.2,10.217391304347826,50.8,49.2,863,1504,18,6.648936170212766
211,Grapevine,107165,5.9,5.5,5.4,21.3,11.0,4.1,4.1,3.2,2.748385051321682,53.1,46.9,1750,50988,2691,9.845453832274261
212,Greenville,60510,12.1,14.3,12.1,22.1,15.7,6.1,6.1,24.2,5.711955750957311,50.0,50.0,1173,30890,1232,12.23696989316931
213,Groesbeck,47500,14.3,11.4,12.2,6.5,18.8,11.2,11.2,85.7,6.905910735826297,57.3,42.7,771,3638,225,19.24134139637163
214,Groves,64737,9.7,11.8,8.4,27.6,5.4,7.0,7.0,17.5,6.304541406945681,73.8,26.2,1210,16682,565,10.13067977460736
215,Gun Barrel City,63938,14.3,19.7,12.5,11.5,17.3,13.7,13.7,41.7,10.260925244117177,87.9,12.1,907,6551,112,3.2056174629827505
216,Gunter,106700,2.8,7.3,6.1,9.0,5.7,7.2,7.2,14.3,2.369460289600702,72.0,28.0,1375,2449,27,0.8166598611678236
217,Hallettsville,47090,24.4,19.3,17.6,38.5,24.7,12.5,12.5,45.0,7.062600321027287,55.6,44.4,816,2762,166,15.930485155684286
218,Hallsville,86757,0.6,0.8,1.1,7.8,5.0,0.0,0.0,0.0,0.0,56.0,44.0,1135,4707,47,3.3991926917357125
219,Haltom City,57649,10.6,17.0,9.2,12.0,9.7,7.7,7.7,10.5,6.023567619758179,52.3,47.7,1239,45488,1148,5.495954977136827
220,Hamilton,46538,15.6,14.5,16.7,28.8,22.1,9.9,9.9,0.0,4.890510948905109,79.7,20.3,839,2860,105,10.48951048951049
221,Hamlin,53750,12.2,9.6,13.7,44.0,18.3,1.1,1.1,0.0,2.447381302006853,66.9,33.1,865,1899,74,12.111637704054766
222,Harker Heights,72258,10.9,12.8,9.6,23.6,9.2,11.5,11.5,11.7,4.014319370926781,56.1,43.9,1063,34001,1026,7.999764712802564
223,Harlingen,50367,23.3,28.6,18.1,34.9,19.3,14.0,14.0,18.6,10.43757243406733,57.2,42.8,867,72047,5091,18.571210459838717
224,Haskell,59333,11.8,15.0,13.3,19.4,13.8,23.1,23.1,40.0,6.138392857142857,61.0,39.0,788,3033,42,3.297065611605671
225,Hawkins,66310,14.2,12.9,15.1,48.7,17.4,7.2,7.2,21.0,3.690888119953864,72.5,27.5,926,1353,38,11.086474501108649
226,Hawley,56250,7.3,9.2,10.3,60.7,3.9,11.9,11.9,0.0,3.941908713692946,85.6,14.4,903,575,3,3.4782608695652177
227,Hearne,32402,29.2,26.7,23.5,15.3,29.3,29.6,29.6,20.5,12.417145382235969,60.3,39.7,610,4517,140,13.504538410449413
228,Heath,211522,1.6,3.1,0.8,0.0,0.0,2.5,2.5,0.0,0.4196090471804319,95.9,4.1,1886,10661,242,6.565988181221274
229,Hedwig Village,202500,3.5,6.8,6.1,0.0,8.7,5.3,5.3,0.0,2.1551724137931036,72.5,27.5,1359,2295,230,6.5359477124183005
230,Helotes,124367,2.8,3.2,3.6,5.1,5.3,4.4,4.4,0.0,1.797926318111626,94.4,5.6,2462,9263,355,3.2386915686062827
231,Hempstead,54066,2.9,13.7,11.4,20.4,7.7,16.1,16.1,0.0,2.6447462473195142,27.0,73.0,1069,6388,301,12.680025046963056
232,Hereford,51164,13.5,16.4,12.5,22.2,11.7,6.7,6.7,2.2,8.460121443678787,62.4,37.6,845,14626,688,12.170108026801586
233,Hewitt,75898,6.2,8.1,4.5,3.5,6.0,5.0,5.0,11.3,4.225352112676056,66.4,33.6,1308,16291,727,10.43520962494629
234,Hickory Creek,138584,1.2,0.3,0.2,0.0,0.0,0.0,0.0,0.0,0.0,75.5,24.5,2157,5786,205,3.629450397511234
235,Hico,44191,4.7,11.3,11.2,55.7,14.4,0.6,0.6,0.0,2.6599113362887903,76.6,23.4,900,1360,0,0.0
236,Hidalgo,45919,27.1,26.7,24.6,43.5,12.0,17.3,17.3,32.2,6.083487676307167,75.6,24.4,832,14468,402,7.672103953552668
237,Highland Park,249923,3.1,8.7,6.6,18.2,13.8,12.4,12.4,17.8,4.98868778280543,87.3,12.7,2673,8732,316,2.2904260192395784
238,Highland Village,162879,0.9,2.8,1.5,13.2,2.0,1.3,1.3,0.0,1.2987012987012987,93.2,6.8,2253,15988,419,6.5048786589942456
239,Hill Country Village,244000,3.8,2.1,3.2,76.9,0.0,3.0,3.0,0.0,3.0,99.2,0.8,-,939,59,2.1299254526091587
240,Hillsboro,53021,12.4,20.0,13.9,22.3,17.9,11.3,11.3,31.3,8.221498371335505,50.8,49.2,911,8407,397,13.798025454977994
241,Hitchcock,75741,13.9,17.1,13.1,19.8,15.5,10.0,10.0,38.0,6.799134901324683,72.4,27.6,1226,7502,503,24.526792855238604
242,Hollywood Park,137411,0.7,3.1,1.9,0.0,5.9,3.9,3.9,-,0.8325328210054436,92.6,7.4,2683,3091,164,3.2351989647363313
243,Hondo,57819,12.2,24.6,16.4,16.0,17.3,23.7,23.7,0.0,9.967396367023754,64.0,36.0,1127,8522,475,14.902605022295235
244,Honey Grove,43810,11.3,17.5,15.2,24.3,20.9,4.7,4.7,21.2,5.282051282051282,59.1,40.9,555,1789,47,9.502515371716044
245,Hooks,52031,6.5,13.9,8.4,9.5,16.4,3.1,3.1,0.0,1.0477787091366304,68.2,31.8,899,2510,78,8.366533864541832
246,Horizon City,61194,19.5,21.0,18.4,9.8,21.0,21.4,21.4,35.5,3.918001508630253,85.5,14.5,1067,23726,605,7.08083958526511
247,Horseshoe Bay,85197,5.2,6.0,6.4,0.0,2.4,9.5,9.5,78.1,2.026143790849673,86.6,13.4,1621,4693,129,5.96633283613893
248,Houston,60440,17.5,21.6,15.1,26.0,19.5,14.6,14.6,32.8,9.176885962041016,42.0,58.0,1235,2276533,228657,29.610376831787637
249,Howe,59375,23.4,30.7,17.6,35.8,20.7,12.6,12.6,50.0,14.309859154929578,53.0,47.0,1022,3659,111,8.745558895873188
250,Hudson Oaks,125795,2.8,3.4,3.5,6.0,10.6,2.0,2.0,0.0,1.0851419031719534,90.3,9.7,1078,2547,145,8.637612877895563
251,Hughes Springs,53551,19.8,23.7,19.5,23.6,14.6,30.1,30.1,62.5,15.731070496083552,62.6,37.4,817,1542,5,1.297016861219196
252,Humble,58581,12.1,22.0,14.2,5.7,20.3,16.2,16.2,11.1,3.6378234821814592,36.7,63.3,1123,16085,3115,28.535903015231582
253,Huntington,46809,9.0,14.0,12.0,27.4,11.8,9.2,9.2,0.0,4.838709677419355,42.5,57.5,826,2020,48,8.91089108910891
254,Huntsville,37419,20.7,33.6,11.7,20.2,16.8,9.7,9.7,43.2,19.51767654939926,36.5,63.5,970,46780,2239,13.595553655408294
255,Hurst,71275,10.8,10.8,7.7,20.4,7.3,6.5,6.5,18.4,5.159989921894684,58.8,41.2,1246,39796,2204,11.961001105638758
256,Hutchins,39929,18.6,32.1,17.1,11.9,26.1,13.6,13.6,0.0,8.679411118435508,47.6,52.4,1440,5594,587,21.272792277440114
257,Hutto,105743,8.0,7.6,6.7,11.9,8.8,6.4,6.4,11.5,4.312843067062152,82.7,17.3,2103,33891,744,6.373373461981057
258,Idalou,62200,12.0,11.0,12.9,19.6,12.7,12.5,12.5,25.9,5.834464043419267,66.9,33.1,764,2118,43,4.721435316336166
259,Ingleside,73191,4.1,11.6,6.3,5.9,5.6,6.8,6.8,39.0,3.8914971309337503,66.9,33.1,1275,10207,568,17.341040462427745
260,Ingram,46051,15.1,18.7,16.3,41.1,8.9,9.8,9.8,0.0,12.662662662662663,59.4,40.6,971,1834,100,15.267175572519083
261,Iowa Park,61667,4.6,8.5,5.8,22.8,2.6,6.9,6.9,22.7,4.405149682022646,82.8,17.2,949,6595,99,3.790750568612585
262,Irving,76686,9.3,11.8,8.3,13.0,11.4,8.6,8.6,24.4,4.440126228815401,37.2,62.8,1423,254141,18366,16.431823279203275
263,Italy,55650,9.3,7.7,8.4,14.5,4.4,9.7,9.7,0.0,5.390254420008624,63.1,36.9,1241,2038,52,4.416094210009814
264,Itasca,58098,5.5,10.5,7.5,15.2,12.2,1.2,1.2,100.0,1.5274949083503055,73.7,26.3,783,1682,10,1.7835909631391202
265,Jacinto City,58333,10.7,18.9,15.0,23.2,9.7,14.3,14.3,60.4,7.169930511686672,68.0,32.0,1116,9190,556,9.031556039173013
266,Jacksboro,38774,25.8,26.7,20.7,32.3,21.4,16.0,16.0,59.7,11.52638190954774,64.8,35.2,775,4292,143,8.387698042870456
267,Jacksonville,49750,23.4,23.9,18.7,30.8,22.2,14.4,14.4,31.1,7.902532958080284,59.3,40.7,835,14196,1202,22.11890673429135
268,Jamaica Beach,86923,7.5,10.8,7.0,0.0,19.8,11.0,11.0,0.0,1.6319129646418855,88.2,11.8,1510,1065,17,2.8169014084507045
269,Jarrell,103017,1.7,1.7,1.8,4.3,1.2,2.5,2.5,5.0,1.0803193987787694,87.9,12.1,1661,2469,69,8.910490076954233
270,Jasper,38796,31.1,31.1,24.5,60.5,29.4,13.6,13.6,68.6,13.262910798122066,63.3,36.7,820,7706,612,22.96911497534389
271,Jefferson,47524,20.7,19.3,16.4,55.1,21.8,5.8,5.8,17.0,13.221884498480245,51.7,48.3,828,1830,57,10.382513661202186
272,Jersey Village,88101,6.2,7.3,6.5,7.1,16.7,8.1,8.1,0.6,3.858226523672509,53.8,46.2,1335,7575,756,9.768976897689768
273,Jonestown,112841,7.2,7.0,4.8,0.0,4.5,4.3,4.3,44.9,2.7557411273486427,90.0,10.0,1188,2506,117,13.966480446927374
274,Josephine,80648,10.0,11.0,8.5,14.2,14.5,2.4,2.4,38.9,1.715756362596511,92.3,7.7,1347,4711,71,5.943536404160475
275,Joshua,66183,11.3,15.3,12.4,39.8,15.0,3.1,3.1,0.0,7.024586051179127,57.2,42.8,1133,8256,349,6.1773255813953485
276,Jourdanton,74185,6.5,13.2,12.4,36.7,4.9,17.9,17.9,0.0,1.3664596273291925,61.0,39.0,969,4179,138,10.528834649437664
277,Junction,55110,13.6,17.2,15.6,24.8,24.9,12.2,12.2,50.0,5.621181262729124,67.5,32.5,700,2536,27,5.126182965299685
278,Karnes City,57311,27.2,27.7,21.9,42.1,27.1,3.7,3.7,30.8,13.291746641074855,71.1,28.9,836,3271,128,5.502904310608377
279,Katy,114917,2.3,4.7,3.4,18.1,6.7,2.8,2.8,13.9,1.2002303024934673,79.4,20.6,1444,25511,1888,10.975657559484144
280,Kaufman,55349,16.6,19.4,14.8,34.9,7.9,11.0,11.0,36.9,10.952040085898354,40.8,59.2,1166,7829,374,8.557925661003958
281,Keene,53701,9.3,15.0,10.6,19.9,9.4,7.7,7.7,44.3,9.435238417314846,48.9,51.1,961,6355,220,14.162077104642014
282,Keller,162094,2.6,3.6,2.8,27.0,5.1,2.5,2.5,5.9,1.4652504063954397,82.9,17.1,1850,45080,1011,5.0354924578527065
283,Kemah,93021,12.9,25.8,11.5,29.0,10.5,10.1,10.1,22.4,6.99228791773779,70.5,29.5,1713,1794,188,30.100334448160535
284,Kemp,55650,16.9,15.4,14.9,25.7,18.0,9.2,9.2,59.3,4.01854714064915,63.2,36.8,1070,1237,59,13.7429264349232
285,Kempner,67204,8.8,6.1,5.5,0.0,10.8,2.2,2.2,13.3,0.8935219657483247,73.8,26.2,913,1211,3,1.6515276630883566
286,Kenedy,-,16.5,42.3,17.4,44.6,21.6,9.5,9.5,0.0,27.42739806394837,49.7,50.3,1040,3589,185,10.309278350515465
287,Kennedale,112646,4.5,8.5,5.9,10.1,8.8,4.4,4.4,0.0,3.1623330990864367,71.1,28.9,1141,8417,350,10.573838659855054
288,Kerens,44444,16.8,18.7,14.0,16.9,15.9,18.4,18.4,30.7,9.608158883521202,55.3,44.7,649,1518,41,9.22266139657444
289,Kermit,84931,13.0,14.5,10.7,23.6,5.3,2.2,2.2,10.1,4.211229946524064,81.4,18.6,919,5749,59,3.652809184205949
290,Kerrville,58797,15.0,15.5,11.5,31.7,15.1,9.1,9.1,32.7,5.4952272528242405,58.7,41.3,1027,24696,948,13.969873663751214
291,Kilgore,58439,13.4,19.5,14.2,36.9,14.4,7.0,7.0,45.4,5.715408805031447,71.3,28.7,962,13419,1459,19.599075937104107
292,Killeen,57086,14.0,18.0,13.2,30.2,15.6,11.8,11.8,29.9,8.027251765289925,46.3,53.7,1084,159546,9539,18.68426660649593
293,Kingsville,50963,29.4,37.1,21.5,29.1,24.8,21.5,21.5,52.3,18.83449883449883,46.5,53.5,973,24802,1922,21.893395693895652
294,Kirby,58880,10.4,16.3,13.3,23.2,11.7,10.8,10.8,11.7,1.6734342315737665,70.3,29.7,1061,8069,498,17.10249101499566
295,Knox City,37368,10.2,15.8,10.6,21.7,11.6,6.3,6.3,75.0,6.302021403091558,79.7,20.3,577,1047,47,7.640878701050621
296,Kountze,52226,14.0,17.8,10.9,32.4,10.4,5.5,5.5,60.5,5.223123732251522,65.9,34.1,812,2371,36,2.9523407844791225
297,Kyle,85199,6.8,7.7,5.9,8.7,7.7,4.6,4.6,36.8,2.307434133243833,66.7,33.3,1572,57724,2413,11.884138313353198
298,Lacy-Lakeview,46311,14.2,18.7,13.5,27.2,10.9,13.3,13.3,13.9,12.216941571149007,44.8,55.2,811,7143,498,19.179616407671848
299,La Feria,38656,35.4,28.1,26.2,45.0,33.3,17.5,17.5,84.4,10.61623831775701,68.7,31.3,862,6791,373,15.461640406420262
300,Lago Vista,108823,3.6,3.9,4.1,1.6,8.8,1.2,1.2,20.0,3.143528358876832,86.9,13.1,1063,9637,208,8.820172252775759
301,La Grange,53191,14.1,16.7,16.5,11.8,21.5,24.5,24.5,43.1,7.806004618937644,59.3,40.7,696,4455,235,18.40628507295174
302,La Grulla,38611,20.8,29.2,26.4,35.4,22.4,18.6,18.6,0.0,10.10909090909091,79.9,20.1,783,1208,27,11.589403973509935
303,Laguna Vista,60833,14.7,23.5,17.4,50.0,35.9,6.0,6.0,0.0,6.976090014064698,86.5,13.5,-,3673,53,3.267084127416281
304,La Joya,51412,25.8,24.0,21.4,29.9,30.6,13.0,13.0,28.3,10.143646408839778,62.1,37.9,638,4666,120,6.858122588941277
305,Lake Dallas,72386,3.2,3.1,3.7,1.4,3.5,8.2,8.2,16.0,2.1818656911418866,72.5,27.5,1319,7738,162,6.073920909795812
306,Lake Jackson,89215,9.0,11.2,7.5,16.4,10.6,7.2,7.2,28.2,2.627222342186713,63.1,36.9,1401,27595,1284,18.300416742163435
307,Lakeport,61607,14.5,18.9,10.2,3.1,9.6,11.5,11.5,0.0,13.855970829535098,79.9,20.1,1128,970,2,0.0
308,Lakeway,154118,2.0,3.9,3.3,18.6,4.7,2.4,2.4,0.0,1.746514981573466,83.8,16.2,2563,19267,528,3.477448487050397
309,Lake Worth,82114,11.4,14.3,7.8,21.5,10.2,2.4,2.4,23.4,3.78234903782349,76.3,23.7,1269,4652,628,21.066208082545142
310,La Marque,61403,14.9,19.8,16.2,24.4,23.4,11.9,11.9,29.1,8.380101345829019,74.4,25.6,1125,19068,1620,28.477029578351164
311,Lamesa,39434,26.9,29.7,22.2,41.3,16.7,13.4,13.4,51.2,13.271423533560595,69.4,30.6,817,8726,662,22.920009168003666
312,Lampasas,57270,9.7,17.5,13.7,23.2,15.2,10.2,10.2,16.5,3.325448726867956,63.1,36.9,832,7737,649,24.169574770582912
313,Lancaster,65323,13.4,15.8,11.7,30.0,15.1,8.5,8.5,21.6,6.688946651813343,64.1,35.9,1488,40615,2546,16.914932906561614
314,La Porte,79193,10.5,13.5,10.5,16.5,15.0,6.1,6.1,30.7,5.679171693930806,71.9,28.1,1263,36646,1833,14.435409048736561
315,Laredo,60928,18.9,23.0,16.8,29.1,17.3,11.3,11.3,28.2,8.295316603327489,62.7,37.3,968,256973,9914,13.46055811310916
316,La Vernia,74167,5.1,24.8,15.3,12.5,12.9,16.7,16.7,16.0,10.87719298245614,52.5,47.5,870,1224,121,13.071895424836601
317,Lavon,122889,3.7,1.0,2.0,0.0,2.9,2.5,2.5,0.0,1.3631522896698616,88.5,11.5,1781,6277,83,2.867611916520631
318,League City,117316,4.0,5.7,4.6,15.5,9.3,4.7,4.7,10.0,2.344560849470855,73.5,26.5,1598,116511,4196,8.96911021276961
319,Leonard,52346,17.2,17.8,14.9,28.7,14.4,12.1,12.1,26.0,9.337721102426984,60.4,39.6,1004,2085,18,4.796163069544364
320,Leon Valley,58784,7.7,14.5,12.5,23.6,17.3,10.6,10.6,29.8,5.857519788918205,55.8,44.2,1109,11402,1532,24.907910892825818
321,Levelland,50707,13.9,21.0,13.6,36.1,10.2,6.9,6.9,16.3,8.581995461040599,69.4,30.6,713,12579,786,17.171476269973766
322,Lewisville,82006,8.1,9.6,7.0,13.9,9.8,6.2,6.2,16.9,3.741304907896432,45.2,54.8,1455,113568,6651,14.044449140602987
323,Lexington,60227,8.5,9.3,7.4,12.1,11.1,3.4,3.4,20.0,6.230769230769231,60.2,39.8,1091,1246,5,2.407704654895666
324,Liberty,57962,11.8,21.3,11.3,20.7,6.5,10.2,10.2,0.0,6.305494788315532,70.9,29.1,972,8790,391,10.921501706484642
325,Liberty Hill,93198,4.0,13.2,9.6,5.9,3.8,13.6,13.6,38.9,5.242642759695966,59.5,40.5,1464,6909,193,8.394847300622377
326,Lindale,79557,18.7,10.8,9.3,27.3,9.8,7.4,7.4,100.0,6.666666666666667,73.4,26.6,1019,6509,204,4.916269780304194
327,Linden,42750,31.8,29.3,22.8,46.1,19.8,26.9,26.9,37.3,14.177693761814744,60.9,39.1,637,1788,25,6.152125279642059
328,Little Elm,110218,9.8,7.0,6.4,7.0,11.8,8.0,8.0,12.8,4.118917123401428,67.8,32.2,1916,55340,1154,7.372605710155403
329,Littlefield,48962,10.9,24.1,17.3,35.1,15.0,11.1,11.1,31.1,8.902939166097061,67.6,32.4,813,5814,238,8.771929824561402
330,Live Oak,74326,9.1,9.4,6.2,10.0,7.3,7.0,7.0,34.1,4.788929983420482,57.5,42.5,1362,15884,1460,12.339461092923695
331,Livingston,47952,17.5,25.6,15.9,14.1,17.0,20.1,20.1,19.8,12.875138940348275,51.9,48.1,1023,5937,811,34.02391780360452
332,Llano,46404,13.2,16.1,13.5,35.3,12.3,14.6,14.6,18.2,5.10519801980198,56.4,43.6,995,3406,92,8.220786846741044
333,Lockhart,68270,9.4,15.7,10.7,23.7,10.4,7.9,7.9,0.0,5.1671494558835045,61.6,38.4,1122,15068,468,9.291213166976373
334,Lockney,52500,18.0,14.5,15.1,36.8,9.4,0.0,0.0,42.9,10.0,79.4,20.6,902,1474,37,12.211668928086839
335,Log Cabin,58750,9.1,21.7,16.4,36.6,6.4,22.2,22.2,100.0,3.5634743875278394,86.5,13.5,911,820,6,1.2195121951219512
336,Lone Star,41806,13.9,17.8,10.6,5.1,6.0,22.8,22.8,24.0,4.658197217180883,48.5,51.5,850,1412,29,11.3314447592068
337,Longview,61003,15.0,19.1,13.7,30.5,15.6,13.1,13.1,26.2,6.836623777143001,53.4,46.6,1000,81811,5904,16.92926379093276
338,Lorena,90982,2.0,4.8,4.4,0.0,3.7,5.1,5.1,0.0,1.0340632603406326,77.1,22.9,1350,1787,86,17.347509792949076
339,Los Fresnos,39536,36.0,33.2,28.5,34.4,46.7,20.8,20.8,37.7,15.681902638424376,66.6,33.4,808,8164,327,6.736893679568839
340,Lubbock,58734,18.3,20.1,12.0,31.5,14.2,10.7,10.7,37.4,10.058991791389468,51.0,49.0,1093,264142,29849,31.854078488085953
341,Lufkin,57938,16.6,19.2,14.6,26.2,15.9,15.5,15.5,28.6,6.7991758574718215,53.1,46.9,962,34063,3164,19.55200657605026
342,Luling,59773,11.0,10.9,11.0,10.8,4.2,26.6,26.6,16.5,7.889733840304182,66.8,33.2,1015,5511,237,11.068771547813464
343,Lumberton,99066,3.0,8.4,6.4,33.3,6.6,5.2,5.2,11.1,3.5367390820790394,86.2,13.8,990,14004,449,9.497286489574408
344,Lytle,51875,14.4,11.4,10.8,10.1,18.6,2.8,2.8,73.8,4.781609195402299,67.8,32.2,869,3037,267,5.597629239380968
345,McAllen,56326,18.7,23.2,17.2,36.0,19.3,13.5,13.5,31.3,8.26825355317931,59.4,40.6,955,145510,8679,18.899044739193183
346,McKinney,113286,5.6,6.7,5.2,15.1,11.2,4.7,4.7,16.1,2.827913209297531,64.9,35.1,1740,208415,5150,6.189573687114651
347,Madisonville,62135,9.6,16.2,13.0,24.2,13.0,1.6,1.6,0.0,3.091832025842178,58.9,41.1,795,4670,173,10.70663811563169
348,Magnolia,59922,4.2,8.9,8.1,0.8,15.2,8.8,8.8,30.8,4.354469060351414,55.7,44.3,968,2906,215,7.226428079834824
349,Manor,96657,5.7,5.4,4.6,12.6,2.5,4.4,4.4,22.0,3.0263330276431284,85.1,14.9,1611,23497,605,5.915648806230582
350,Mansfield,112465,4.1,6.4,4.2,14.0,5.2,4.7,4.7,10.9,2.269837146021632,75.5,24.5,1670,75993,2079,4.474096298343269
351,Manvel,105188,5.8,4.1,4.7,4.9,8.5,4.5,4.5,0.0,1.6323253947016323,82.4,17.6,1631,14821,351,6.004992915457796
352,Marble Falls,53789,7.4,11.4,8.6,18.9,14.1,9.7,9.7,54.1,3.3695031410622502,47.4,52.6,1283,7408,697,24.43304535637149
353,Marfa,30669,23.2,26.5,17.1,15.3,9.3,2.6,2.6,-,1.357677902621723,76.3,23.7,-,1749,15,2.287021154945683
354,Marlin,31240,28.0,14.4,20.5,47.6,28.5,7.4,7.4,33.4,7.620431893687709,70.4,29.6,520,5631,204,8.701829160007104
355,Marshall,49162,19.3,25.9,16.7,38.9,19.9,14.0,14.0,24.4,13.88736514902176,57.8,42.2,866,22628,1071,13.346296623652114
356,Mathis,37620,21.2,30.2,21.5,27.7,17.1,16.9,16.9,14.5,7.1866568555310275,62.7,37.3,489,4379,263,10.276318794245261
357,Maud,55667,12.9,29.7,19.6,85.2,29.0,10.2,10.2,57.1,10.11433597185576,62.5,37.5,838,969,23,6.191950464396285
358,Maypearl,77727,0.4,1.2,1.2,0.0,0.0,2.7,2.7,0.0,0.0,50.0,50.0,1537,945,15,3.1746031746031744
359,Meadows Place,78396,3.6,8.4,6.5,13.4,15.0,1.9,1.9,47.4,2.3521932612841705,79.1,20.9,1253,4591,195,3.7028969723371814
360,Melissa,138465,3.8,1.6,3.1,27.1,7.9,2.8,2.8,0.0,1.1545526108632904,89.9,10.1,2269,20071,336,2.5908026505904043
361,Memphis,43901,15.4,24.3,15.8,27.7,21.3,9.2,9.2,6.0,9.143407122232915,68.2,31.8,544,2086,20,3.3557046979865772
362,Mercedes,43243,27.0,31.4,21.9,39.8,14.7,19.0,19.0,42.5,14.804623004953218,68.0,32.0,625,16365,1397,31.102963641918727
363,Meridian,56495,14.9,20.3,14.1,12.8,18.2,10.6,10.6,0.0,4.2592592592592595,58.8,41.2,698,1424,31,7.724719101123595
364,Merkel,67159,12.0,17.4,12.0,31.6,16.0,5.3,5.3,33.3,1.3142636258214146,73.9,26.1,988,2431,49,7.404360345536816
365,Mesquite,69649,9.1,13.8,8.7,11.3,8.7,8.4,8.4,25.0,5.156918928029665,62.0,38.0,1323,147226,11231,18.12859141727684
366,Mexia,33239,34.6,38.4,34.2,52.0,38.1,21.7,21.7,62.0,15.730165981422262,58.0,42.0,753,6865,335,14.857975236707938
367,Midland,90448,9.5,11.5,8.9,22.2,10.5,6.1,6.1,12.5,4.116803028452803,63.9,36.1,1400,129945,7718,23.094386086421178
368,Midlothian,119323,4.4,7.5,4.3,9.8,2.0,8.1,8.1,13.2,1.758011550220813,82.5,17.5,1506,38587,1363,9.718298908958976
369,Miles,59306,10.1,11.6,9.9,28.9,9.7,0.0,0.0,40.9,4.260651629072681,76.0,24.0,826,927,3,1.0787486515641855
370,Milford,-,16.1,22.0,18.8,33.8,14.4,16.9,16.9,41.9,8.852140077821012,52.7,47.3,928,736,34,5.434782608695652
371,Mineola,42147,16.0,14.9,17.8,51.0,8.0,18.1,18.1,48.3,3.269520326952033,53.7,46.3,912,5031,238,9.938382031405288
372,Mineral Wells,58529,16.3,20.0,16.1,25.8,18.8,12.9,12.9,31.0,8.183239312172908,58.6,41.4,961,15010,1022,17.721518987341774
373,Mission,56421,18.8,21.7,17.6,35.0,18.7,10.1,10.1,24.5,9.022908448148712,72.0,28.0,876,86577,4630,16.574840893077837
374,Missouri City,97211,4.6,5.8,4.8,9.4,6.5,4.1,4.1,13.0,2.53070589823188,80.1,19.9,1781,75323,2105,7.739999734476853
375,Monahans,75425,14.1,16.6,12.6,27.5,16.3,3.6,3.6,39.9,7.968499733048586,74.1,25.9,1118,7185,170,10.020876826722338
376,Mont Belvieu,132010,11.2,10.7,8.9,0.0,36.0,5.2,5.2,0.0,5.779535595815259,83.9,16.1,1563,8902,267,6.740058413839587
377,Montgomery,80265,15.7,11.8,10.6,50.0,14.3,7.9,7.9,0.0,2.592592592592593,60.6,39.4,1309,2679,155,10.451661067562522
378,Moulton,55045,7.7,20.3,9.0,4.1,9.5,13.8,13.8,0.0,1.968019680196802,71.0,29.0,1007,869,4,1.1507479861910241
379,Mount Pleasant,51689,13.0,18.3,13.5,16.9,12.4,14.5,14.5,43.2,6.3537492844876935,51.8,48.2,768,16044,1010,14.023934181002245
380,Mount Vernon,63750,12.2,12.4,9.8,15.8,17.4,3.4,3.4,19.1,6.503728251864126,61.5,38.5,949,2500,91,14.8
381,Muleshoe,76618,16.4,9.5,10.7,12.7,14.8,1.4,1.4,0.0,7.821651237483469,70.9,29.1,687,5066,93,9.080142123963679
382,Murphy,152847,2.3,4.5,3.9,0.0,5.1,9.1,9.1,23.6,0.5237363059773208,91.8,8.2,2354,21297,374,4.836361928910176
383,Mustang Ridge,90605,6.6,5.0,4.4,11.8,1.3,6.4,6.4,10.7,1.3596193065941535,87.0,13.0,1307,991,54,8.072653884964682
384,Nacogdoches,37612,25.7,35.8,19.8,35.3,36.2,14.4,14.4,60.5,15.610315610315611,36.9,63.1,873,32055,2108,20.090469505537357
385,Nassau Bay,74542,10.7,6.2,6.1,11.9,16.3,6.6,6.6,53.5,3.0488974113135185,46.7,53.3,1237,5105,269,7.835455435847209
386,Natalia,58177,14.4,28.2,25.8,35.1,36.0,3.3,3.3,0.0,6.41025641025641,73.0,27.0,929,1342,44,5.216095380029807
387,Navasota,47793,18.1,20.8,14.9,20.0,17.1,16.2,16.2,45.0,8.632523759239705,62.6,37.4,771,8459,633,27.189975174370492
388,Nederland,73706,5.2,10.3,8.2,12.5,17.0,5.9,5.9,18.7,3.816380663671304,72.4,27.6,1265,18034,685,8.872130420317179
389,Needville,67875,26.6,7.9,22.9,74.3,4.4,4.2,4.2,0.0,15.029860650298607,54.6,45.4,1186,3040,83,10.855263157894738
390,New Boston,59030,17.7,24.5,19.2,60.2,20.7,8.3,8.3,30.4,3.975668042580925,57.3,42.7,812,4557,315,17.116524028966424
391,New Braunfels,85827,5.4,6.7,6.2,10.2,10.7,4.8,4.8,17.5,2.479284992886852,63.8,36.2,1426,107017,4832,11.18513880972182
392,Newton,41413,26.3,27.6,19.8,33.3,27.0,10.0,10.0,53.3,13.726437892701789,59.9,40.1,861,1997,34,3.5052578868302455
393,Nolanville,66295,15.1,19.1,12.3,44.6,30.3,0.7,0.7,0.0,5.956528953044633,67.0,33.0,1033,6560,135,7.317073170731708
394,Northlake,105962,12.3,12.4,5.4,0.0,0.0,17.4,17.4,66.7,12.368803487808815,56.5,43.5,1523,8513,333,7.165511570539175
395,North Richland Hills,88656,6.8,7.3,5.2,15.3,7.9,4.5,4.5,9.3,3.1139021221307925,64.7,35.3,1465,70108,3533,11.296856278884007
396,Oak Ridge North,106944,7.3,4.7,4.4,3.0,13.7,2.8,2.8,4.5,4.694214876033058,96.4,3.6,2050,3011,194,6.9744271006310194
397,Odem,47059,13.4,24.9,11.4,12.4,15.1,10.9,10.9,0.0,0.5413385826771654,59.2,40.8,921,2277,75,8.34431269213878
398,Odessa,71293,11.9,17.5,11.5,23.3,12.0,8.2,8.2,32.1,7.852059269630147,59.1,40.9,1282,110163,7888,27.43207792089903
399,Olmos Park,179500,2.6,8.8,3.8,0.0,29.6,2.8,2.8,3.7,4.330708661417323,80.5,19.5,1071,2151,134,0.9298000929800093
400,Olney,39770,18.9,27.9,17.2,45.4,18.2,18.8,18.8,57.9,19.016949152542377,71.1,28.9,587,3033,122,14.177382129904384
401,Onalaska,56168,19.9,24.1,17.2,30.7,19.1,14.0,14.0,73.0,6.295081967213115,75.2,24.8,999,3225,190,23.25581395348837
402,Orange,58756,13.1,19.7,12.3,17.9,15.4,9.3,9.3,12.3,7.368365010914124,56.6,43.4,987,19056,771,12.174643157010916
403,Overton,53250,5.5,20.0,15.2,10.5,13.2,11.7,11.7,41.7,8.989197530864198,64.3,35.7,875,2294,94,12.205754141238012
404,Ovilla,109130,3.6,4.8,4.7,25.0,7.4,3.2,3.2,32.3,3.8018150600932055,92.2,7.8,-,4365,57,2.7491408934707904
405,Oyster Creek,38750,11.8,24.5,12.6,15.4,22.2,2.8,2.8,38.1,4.492512479201332,78.5,21.5,967,1196,127,35.11705685618729
406,Palacios,59469,14.3,16.8,14.3,38.4,0.0,0.0,0.0,-,2.0440608675902796,72.2,27.8,913,4425,128,6.553672316384181
407,Palestine,43759,16.7,19.4,14.0,23.3,17.9,12.4,12.4,23.4,9.1592245698105,52.6,47.4,981,19113,1424,24.224349918903364
408,Palmer,81310,8.0,7.3,5.6,16.7,6.9,0.0,0.0,25.7,7.392120075046904,66.5,33.5,1437,2510,62,5.179282868525896
409,Palmhurst,80707,7.0,9.7,9.8,15.1,5.6,15.2,15.2,38.5,1.1166730843280708,80.4,19.6,795,2600,246,8.461538461538462
410,Palmview,41483,23.3,29.5,24.5,37.9,17.4,17.4,17.4,39.1,11.236470974089864,78.9,21.1,703,15919,688,15.578868019347949
411,Pampa,52966,16.3,19.8,14.9,31.6,13.4,12.6,12.6,8.7,6.24546553808948,68.5,31.5,844,16343,918,15.725387015847765
412,Panhandle,83867,5.2,8.8,3.7,0.0,0.0,10.0,10.0,0.0,5.444444444444444,81.2,18.8,956,2310,7,1.7316017316017316
413,Pantego,84125,6.7,2.5,5.6,0.0,18.1,4.7,4.7,0.0,2.401921537229784,64.5,35.5,1373,2497,101,6.007208650380457
414,Paris,44022,20.9,23.1,19.0,37.9,16.8,22.6,22.6,38.2,9.605488850771868,49.9,50.1,851,24392,2141,32.428665136110205
415,Parker,202727,4.0,1.3,2.4,14.4,0.0,0.0,0.0,0.0,0.0,98.5,1.5,-,6144,72,1.953125
416,Pasadena,64698,16.3,19.6,13.0,17.8,15.4,10.2,10.2,30.8,6.713721817087041,53.8,46.2,1159,145954,8873,17.389040382586295
417,Patton Village,71691,18.5,20.4,17.5,26.1,16.0,10.9,10.9,52.3,2.328863796753705,91.4,8.6,922,1799,84,6.1145080600333515
418,Payne Springs,42500,13.9,17.7,20.3,24.5,25.6,17.6,17.6,0.0,5.5464926590538335,84.1,15.9,1075,755,1,0.0
419,Pearland,111123,3.7,5.3,4.2,11.7,5.6,5.3,5.3,3.0,2.361638523066979,76.6,23.4,1622,125894,5311,8.499213624160006
420,Pearsall,41761,21.7,35.1,25.0,45.9,28.2,1.5,1.5,14.2,5.361894624800426,52.8,47.2,824,7661,354,14.488970108340947
421,Penitas,50110,24.7,29.4,20.4,21.3,30.5,11.8,11.8,32.6,6.051005860921907,81.3,18.7,611,6348,82,4.410838059231254
422,Perryton,61067,10.0,17.0,12.0,7.5,19.8,8.6,8.6,0.0,4.169099614621044,71.3,28.7,829,8143,288,12.034876581112613
423,Petersburg,39196,12.4,19.4,13.0,32.4,13.9,3.0,3.0,0.0,7.8597339782345825,69.2,30.8,610,972,6,4.11522633744856
424,Pflugerville,111151,5.3,6.3,5.7,16.2,5.9,7.1,7.1,26.8,3.0263342532391597,72.7,27.3,1677,67817,2516,4.9840010616807
425,Pharr,45016,28.3,32.3,25.5,43.6,21.3,19.2,19.2,32.0,12.897475124220852,58.7,41.3,926,79558,3475,14.102918625405366
426,Pilot Point,68676,9.7,8.0,2.0,0.0,0.0,8.4,8.4,25.0,0.5959202383680954,60.5,39.5,1202,4892,79,4.905968928863451
427,Pinehurst,49125,14.0,15.5,11.3,18.9,13.9,6.8,6.8,15.4,6.232686980609419,67.2,32.8,955,2209,89,5.885015844273426
428,Pineland,29722,42.0,43.9,36.8,44.9,36.6,49.4,49.4,100.0,14.017094017094015,69.2,30.8,513,910,15,10.989010989010989
429,Pittsburg,46885,12.3,22.6,19.1,16.9,24.7,12.4,12.4,0.0,4.808136846971799,58.9,41.1,750,4433,242,16.241822693435598
430,Plainview,46274,16.8,25.9,16.9,16.4,23.9,15.0,15.0,19.2,9.015634643077556,52.6,47.4,763,19554,1111,13.552214380689373
431,Plano,105679,6.2,7.6,5.8,17.6,8.8,5.7,5.7,17.5,3.7466931100441383,56.7,43.3,1699,289847,12488,7.514309273513267
432,Pleasanton,70685,12.4,12.5,11.3,7.6,17.6,12.4,12.4,48.1,2.883506343713956,67.1,32.9,1047,10951,804,20.911332298420234
433,Point Comfort,90625,18.4,4.5,16.9,71.9,20.3,1.6,1.6,-,13.100436681222709,71.2,28.8,984,565,4,7.079646017699115
434,Ponder,98227,0.8,3.2,2.5,0.0,8.7,0.5,0.5,47.4,1.2422360248447204,87.6,12.4,2045,2417,42,7.860984691766652
435,Port Aransas,69063,8.5,4.9,7.2,38.6,15.9,4.0,4.0,-,4.598825831702544,71.4,28.6,2098,3286,511,34.083992696287275
436,Port Arthur,45357,23.8,29.4,22.6,32.0,22.5,20.4,20.4,33.4,13.621800706302109,57.2,42.8,938,55899,3014,19.875131934381653
437,Port Isabel,42601,21.3,31.4,22.0,36.8,22.0,21.2,21.2,52.4,13.743430017519954,60.7,39.3,661,5165,412,16.65053242981607
438,Portland,83493,8.1,11.3,7.8,19.3,10.4,7.4,7.4,15.6,5.3777400509312425,65.6,34.4,1731,20742,807,10.41365345675441
439,Port Lavaca,58871,8.6,12.1,9.5,19.0,9.4,7.9,7.9,10.4,3.5590662998136153,73.0,27.0,903,11048,454,8.96089790007241
440,Port Neches,85086,6.0,11.1,8.7,34.0,12.5,4.4,4.4,29.2,4.724933451641526,75.8,24.2,1038,13293,417,11.660272323779433
441,Poteet,58214,10.9,6.9,5.4,5.9,5.8,5.7,5.7,16.0,2.9661016949152543,60.8,39.2,744,2970,102,13.131313131313131
442,Primera,61108,18.6,30.0,17.8,18.7,29.1,16.6,16.6,48.7,5.039279555470396,78.3,21.7,906,5319,52,4.136115811242715
443,Princeton,93586,4.9,7.8,6.0,11.8,4.3,8.7,8.7,10.5,3.3105394551177683,78.6,21.4,1734,22867,626,9.839506712730135
444,Prosper,178224,1.6,3.9,2.4,0.0,2.5,4.5,4.5,4.5,1.7012023535431058,88.9,11.1,1892,37752,812,3.5759694850603942
445,Queen City,40156,19.6,22.2,19.3,35.5,23.1,14.1,14.1,100.0,8.958652373660032,59.0,41.0,744,1410,37,7.092198581560283
446,Quitman,58924,7.5,12.8,7.4,13.3,10.2,6.1,6.1,18.5,3.6057692307692304,62.4,37.6,1027,2021,24,8.411677387431965
447,Rancho Viejo,88304,3.0,10.8,6.2,28.9,14.3,8.3,8.3,24.2,1.7412935323383083,72.5,27.5,1174,2867,41,3.836763167073596
448,Ranger,30344,24.6,24.6,21.4,30.9,11.8,18.1,18.1,0.0,6.315311222171741,58.6,41.4,631,2287,91,14.429383471797115
449,Raymondville,42109,34.5,31.8,27.0,31.8,33.0,20.2,20.2,58.6,12.377777777777778,63.4,36.6,816,10552,694,25.01895375284306
450,Red Oak,105309,5.5,10.7,6.0,12.3,12.4,0.5,0.5,28.5,1.177030888556266,78.3,21.7,1427,16396,656,9.575506221029519
451,Refugio,46458,19.7,40.1,20.3,21.4,32.4,5.4,5.4,47.6,18.473282442748097,54.7,45.3,697,2866,64,4.884856943475227
452,Rhome,85625,5.4,10.2,6.8,3.3,15.0,2.7,2.7,0.0,4.6255506607929515,82.7,17.3,1250,1839,68,2.175095160413268
453,Rice,72969,6.3,19.7,8.9,3.4,13.3,5.9,5.9,0.0,1.8800358102059087,74.9,25.1,1154,1259,53,5.559968228752979
454,Richardson,94362,9.7,11.9,6.6,19.1,11.0,8.3,8.3,24.7,5.475620203150404,51.6,48.4,1725,115771,5487,5.234471499771099
455,Richland Hills,73601,8.8,5.2,5.9,17.2,8.1,3.3,3.3,35.0,5.471014492753623,67.7,32.3,1269,8385,622,20.989862850327967
456,Richmond,51832,14.3,19.4,17.0,36.8,13.0,6.4,6.4,14.3,6.905771713073944,55.3,44.7,1175,12936,564,8.812615955473097
457,Richwood,75500,1.6,6.2,5.0,9.4,3.6,0.9,0.9,0.0,2.360697575499787,62.5,37.5,1238,4730,125,6.553911205073996
458,Rio Grande City,44307,22.7,37.3,22.8,35.6,27.7,14.2,14.2,42.8,14.737628131151991,72.6,27.4,709,15705,530,2.8016555237185607
459,Rio Hondo,58487,17.7,21.1,15.6,23.6,9.2,21.5,21.5,-,9.15032679738562,67.7,32.3,921,2012,78,11.928429423459244
460,River Oaks,66754,4.4,9.3,5.5,2.3,11.0,3.1,3.1,15.7,4.794705564559697,78.2,21.8,1176,7420,352,9.568733153638815
461,Roanoke,113171,2.9,2.7,3.6,13.5,5.4,2.9,2.9,10.6,0.909566126502875,58.5,41.5,1698,10024,487,6.584197924980049
462,Robinson,93148,2.0,2.2,3.3,2.0,6.6,2.5,2.5,0.0,1.1130827552831102,77.2,22.8,1385,12954,444,11.579434923575729
463,Robstown,35417,26.4,34.0,25.8,23.9,19.6,35.8,35.8,52.4,13.353791328449812,70.7,29.3,952,10155,792,24.32299359921221
464,Rockdale,39911,16.9,11.2,10.8,29.8,7.2,5.5,5.5,43.3,6.109324758842444,59.7,40.3,942,5473,326,13.520920884341313
465,Rockport,62394,10.5,17.5,13.3,56.2,21.6,5.8,5.8,40.7,4.118236472945892,74.1,25.9,1280,10759,669,14.127707035969884
466,Rockwall,114799,2.8,3.3,3.2,13.4,4.5,2.9,2.9,16.7,1.4154536222071767,75.5,24.5,1728,51724,1822,6.786018096048256
467,Rogers,69866,21.4,22.9,15.5,13.9,17.2,11.6,11.6,16.7,6.578947368421052,74.7,25.3,897,1107,1,0.0
468,Rollingwood,231875,0.0,0.0,0.0,-,0.0,0.0,0.0,0.0,0.0,95.0,5.0,3500+,1398,57,0.7153075822603719
469,Roma,26951,31.1,35.9,24.8,41.3,16.0,8.5,8.5,29.9,14.326597866620414,60.3,39.7,468,11547,341,12.037758725210011
470,Roman Forest,117652,0.9,3.3,1.7,0.0,2.8,1.2,1.2,8.9,1.7467248908296942,92.7,7.3,1757,1963,130,13.245033112582782
471,Roscoe,44375,6.6,21.5,13.7,26.2,6.4,26.9,26.9,58.0,2.3208191126279862,84.1,15.9,883,1231,8,2.437043054427295
472,Rosenberg,66046,12.7,18.5,11.8,17.7,15.5,9.4,9.4,12.5,9.770488394458452,53.7,46.3,1294,40472,2394,20.11267048823878
473,Round Rock,91888,6.9,8.4,6.0,15.8,9.2,5.7,5.7,15.1,3.30296698704555,55.6,44.4,1586,127349,6793,12.5246370210995
474,Rowlett,110954,6.6,8.2,6.3,14.2,5.1,7.4,7.4,19.8,3.6758975011531914,79.2,20.8,1807,65196,2501,11.411743051720965
475,Royse City,114917,3.5,6.5,5.1,18.3,2.9,3.8,3.8,50.0,1.803060545575516,87.1,12.9,1740,18613,916,10.154193305754042
476,Runaway Bay,91719,3.4,7.3,4.7,24.5,5.2,2.5,2.5,0.0,3.0450669914738127,81.0,19.0,1292,1764,33,3.968253968253968
477,Rusk,68611,7.0,13.6,9.3,15.7,7.3,12.5,12.5,24.4,4.282407407407407,66.7,33.3,946,5583,282,14.329213684399068
478,Sabinal,28419,14.5,39.3,24.0,18.1,24.7,26.3,26.3,100.0,3.622047244094488,73.9,26.1,529,1410,40,4.964539007092199
479,Sachse,127888,1.8,2.2,2.2,16.8,1.9,0.7,0.7,11.7,1.0965306489304332,89.6,10.4,1670,31317,618,5.97119775201967
480,Saginaw,99752,2.9,4.7,3.5,11.3,3.5,2.1,2.1,6.6,1.9510980115405376,72.4,27.6,1668,23993,866,10.08627516358938
481,San Angelo,65040,9.6,14.0,9.1,18.9,11.0,9.1,9.1,28.8,6.164821124361159,64.0,36.0,1037,99243,7973,23.064599014540068
482,San Antonio,59593,16.4,19.0,14.0,28.3,17.6,11.5,11.5,30.5,7.932419069336966,51.9,48.1,1189,1465608,154417,25.273470122979678
483,San Augustine,24628,30.5,33.2,27.5,33.2,30.7,23.4,23.4,19.0,17.608951707891638,43.5,56.5,747,1844,109,10.845986984815617
484,San Benito,38100,31.7,27.9,23.0,33.4,25.0,16.9,16.9,48.4,12.867150055302936,68.1,31.9,866,24712,985,8.295564907737132
485,San Elizario,46486,27.6,29.4,22.5,30.5,25.9,7.5,7.5,53.6,11.106695807669382,64.7,35.3,853,10080,82,1.984126984126984
486,Sanger,86083,3.2,7.1,5.7,6.9,8.5,3.8,3.8,39.1,2.7161862527716183,73.9,26.1,1247,9877,423,9.820795788194797
487,San Juan,51497,22.8,24.6,17.5,21.2,20.0,8.8,8.8,19.3,11.654668102715265,77.9,22.1,872,35806,1474,11.646092833603307
488,San Marcos,47394,21.6,33.2,15.7,17.2,18.1,23.7,23.7,46.8,16.093726925159576,28.9,71.1,1251,69470,4794,22.80120915503095
489,San Saba,43224,19.6,18.7,17.0,22.1,19.1,13.9,13.9,45.5,5.973101265822785,77.0,23.0,932,3197,64,5.630278385986863
490,Santa Anna,43977,17.3,19.0,18.4,27.5,29.8,9.6,9.6,69.6,8.454106280193237,61.9,38.1,439,1029,29,6.802721088435374
491,Santa Fe,91209,7.0,5.1,6.1,8.6,4.4,6.5,6.5,8.9,3.3246875736854515,82.7,17.3,947,12802,349,4.061865333541634
492,Schertz,94173,5.5,5.8,4.9,19.2,7.8,4.0,4.0,12.1,2.79769935383086,78.2,21.8,1513,43162,1164,6.487187804086928
493,Schulenburg,49969,12.9,19.9,15.8,10.7,17.0,16.2,16.2,36.6,13.27148043565954,62.4,37.6,1071,2742,147,8.388037928519328
494,Seabrook,96223,5.6,7.2,6.5,16.2,14.8,6.9,6.9,21.5,3.569848060185868,59.1,40.9,1482,13544,526,15.135853514471352
495,Seadrift,46701,10.7,5.7,14.0,43.4,0.0,0.0,0.0,0.0,0.0,77.4,22.6,1355,997,12,6.018054162487462
496,Seagoville,65300,12.8,15.5,10.5,15.0,7.6,13.3,13.3,17.1,7.966193130731883,76.4,23.6,1193,19389,793,5.7764711950074785
497,Sealy,60313,15.9,22.4,15.1,26.0,14.1,18.2,18.2,8.7,4.689349112426036,73.4,26.6,1117,6720,273,4.315476190476191
498,Seguin,58165,15.8,19.7,14.6,24.8,15.0,10.1,10.1,37.7,7.17891585140828,64.2,35.8,1062,32452,2177,22.55639097744361
499,Selma,95692,9.6,7.2,6.0,11.3,9.0,7.2,7.2,10.5,4.591234915161964,55.9,44.1,1739,11824,751,9.895128552097429
500,Seminole,73074,7.2,9.4,7.6,16.0,5.9,9.0,9.0,86.3,3.730043541364296,71.6,28.4,878,7066,281,12.170959524483441
501,Seven Points,41599,16.0,13.3,14.0,18.5,13.1,15.3,15.3,51.9,6.31653655074521,72.7,27.3,738,1430,98,25.174825174825177
502,Seymour,53077,11.1,15.7,14.2,43.3,10.8,14.4,14.4,0.0,3.5833025489471737,68.7,31.3,498,2590,32,4.2471042471042475
503,Shallowater,71572,6.7,6.7,7.4,18.5,9.9,8.6,8.6,42.3,4.620123203285421,83.9,16.1,1028,2917,74,4.11381556393555
504,Shavano Park,187750,3.1,3.8,4.5,0.0,3.9,5.1,5.1,0.0,1.4672686230248306,96.6,3.4,-,3609,159,4.156275976724855
505,Shenandoah,-,11.9,8.9,11.2,0.0,61.5,0.0,0.0,37.5,10.271206001154068,58.2,41.8,1253,3682,603,9.777294948397609
506,Sherman,58020,11.3,14.2,10.5,18.2,11.7,9.6,9.6,26.0,4.799072825752738,52.2,47.8,1109,45881,2607,18.787733484448903
507,Shiner,90119,4.4,7.2,3.5,21.6,4.6,3.3,3.3,0.0,2.2244191794364805,80.7,19.3,1172,2183,51,10.077874484654146
508,Silsbee,58641,9.9,13.7,11.9,30.7,13.8,5.0,5.0,0.0,3.677360774818402,69.8,30.2,940,6831,306,8.490704142878057
509,Sinton,46411,34.5,34.8,25.8,49.4,24.5,6.3,6.3,8.8,16.031411606971844,66.0,34.0,537,5602,291,12.85255265976437
510,Slaton,54278,13.6,9.4,9.3,41.4,5.4,1.4,1.4,28.6,4.565104616980806,74.3,25.7,1023,5752,216,7.64951321279555
511,Smithville,56627,8.7,6.1,6.8,1.0,13.8,6.8,6.8,26.0,3.100381194409149,68.2,31.8,762,4150,211,12.53012048192771
512,Snyder,54915,15.0,11.2,12.8,25.8,17.1,6.8,6.8,50.0,5.229425970648338,76.4,23.6,1044,11179,472,16.72779318364791
513,Socorro,47649,20.3,26.2,22.9,34.1,24.8,12.8,12.8,57.8,8.31728045325779,79.6,20.4,956,37952,1066,11.672639123102867
514,Somerset,73217,15.5,16.1,16.2,22.7,23.1,5.6,5.6,65.4,6.514657980456026,70.8,29.2,1025,1777,23,3.9392234102419805
515,Somerville,59394,14.5,29.8,21.6,18.9,41.5,14.6,14.6,0.0,11.717495987158909,77.8,22.2,816,1346,48,12.63001485884101
516,Sonora,53400,16.9,21.6,12.6,20.1,24.0,0.0,0.0,48.2,8.471584892340275,60.1,39.9,659,2432,37,4.5230263157894735
517,Sour Lake,65515,14.7,16.6,15.6,16.8,24.7,8.7,8.7,31.0,11.585665193912616,68.2,31.8,1152,1807,71,12.728278915329275
518,South Houston,51006,21.0,24.9,18.6,28.7,16.5,4.9,4.9,18.3,9.129196085717824,51.9,48.1,1131,15613,1457,24.40274130532249
519,Southlake,250000+,1.3,2.7,2.1,14.5,3.4,4.2,4.2,1.8,1.1146963919037842,95.0,5.0,2518,30949,878,3.3603670554783673
520,South Padre Island,62557,8.6,22.0,9.6,44.7,0.0,17.8,17.8,0.0,9.028960817717206,71.2,28.8,1361,2048,810,106.93359375
521,Southside Place,187019,1.1,5.6,3.7,10.3,21.4,33.3,33.3,15.9,2.8664495114006514,62.3,37.7,1786,1820,51,0.5494505494505495
522,Spearman,62601,7.4,10.4,10.3,23.6,9.4,7.8,7.8,0.0,3.0209406110538963,72.6,27.4,830,3034,0,0.0
523,Splendora,64361,11.8,15.0,8.5,13.6,8.7,6.7,6.7,26.7,5.905319668130796,65.8,34.2,1119,1860,312,10.752688172043012
524,Springtown,69500,6.3,14.3,12.0,29.5,15.8,7.4,7.4,64.6,6.66460012399256,60.1,39.9,1339,3638,71,8.521165475536009
525,Stafford,87245,9.4,12.4,6.2,9.4,8.6,7.9,7.9,16.2,4.396817099378522,45.8,54.2,1368,17110,1575,19.28696668614845
526,Stamford,43750,21.9,28.6,24.3,44.2,26.6,22.3,22.3,0.0,12.008733624454148,70.8,29.2,1068,3005,82,6.655574043261232
527,Stanton,70543,14.3,25.1,14.9,31.3,6.4,22.0,22.0,41.0,2.6446914526638556,50.8,49.2,891,2630,91,7.224334600760456
528,Stephenville,48088,19.6,19.6,10.5,17.2,16.6,11.2,11.2,42.1,10.88731335266946,45.9,54.1,1064,21505,712,10.276679841897232
529,Stratford,51036,11.7,11.9,10.4,5.6,9.9,14.2,14.2,0.0,5.258833196384552,84.8,15.2,933,1973,3,0.5068423720223011
530,Sudan,69175,7.7,7.7,6.3,11.8,7.5,5.6,5.6,0.0,0.3795066413662239,81.1,18.9,758,934,4,2.1413276231263385
531,Sugar Land,132247,4.7,4.4,4.7,9.7,11.3,4.9,4.9,8.7,2.18522372528616,81.2,18.8,1868,107989,3147,4.315254331459685
532,Sullivan City,39067,27.9,30.8,24.7,24.4,30.1,27.4,27.4,19.0,17.692111309675774,88.3,11.7,638,3896,118,9.496919917864476
533,Sulphur Springs,54950,16.2,16.1,15.1,31.0,20.1,12.1,12.1,49.6,7.308778234086242,55.0,45.0,955,16128,356,5.642361111111111
534,Sunnyvale,152632,7.7,6.8,5.4,26.4,3.6,13.1,13.1,86.1,0.8637114187730216,84.5,15.5,999,8381,264,3.2215726047011097
535,Sunray,54609,14.8,16.3,14.7,23.7,20.1,5.7,5.7,10.0,5.594405594405594,78.3,21.7,970,1701,23,3.527336860670194
536,Sunrise Beach Village,78333,1.5,3.7,2.8,9.4,2.9,1.9,1.9,0.0,0.4419889502762431,86.2,13.8,981,787,12,1.2706480304955527
537,Sunset Valley,141250,0.0,5.9,3.7,-,0.0,13.3,13.3,0.0,2.142857142857143,91.9,8.1,3500+,637,217,15.698587127158554
538,Surfside Beach,86544,4.4,14.2,9.4,30.0,2.5,13.5,13.5,72.2,7.704918032786885,81.8,18.2,1769,669,40,17.937219730941703
539,Sweeny,63125,3.4,22.8,7.8,23.2,9.7,2.2,2.2,68.1,7.487853672477851,69.3,30.7,1088,3566,166,17.666853617498596
540,Sweetwater,44306,13.5,23.1,18.4,36.3,12.0,19.0,19.0,39.4,7.332429290972492,56.9,43.1,801,10420,550,23.032629558541267
541,Taft,54286,23.0,30.7,17.4,47.3,7.9,7.0,7.0,0.0,11.997152011391954,63.8,36.2,1079,2835,61,5.291005291005291
542,Tahoka,41282,23.4,23.9,16.6,23.1,24.6,11.8,11.8,36.4,11.831103678929766,71.5,28.5,1043,2419,89,12.81521289789169
543,Tatum,48125,19.0,28.2,21.4,61.1,24.8,7.8,7.8,11.1,9.32524639878696,63.8,36.2,825,1357,13,0.0
544,Taylor,66626,10.8,13.4,10.6,14.1,11.8,10.7,10.7,19.2,3.708281829419035,70.9,29.1,1041,17259,696,12.225505533344922
545,Teague,63640,18.2,13.0,19.4,15.4,40.5,12.1,12.1,33.3,9.745260663507109,78.7,21.3,631,3497,117,8.578781812982557
546,Temple,61003,14.0,19.8,12.8,29.0,18.7,10.1,10.1,23.7,7.583106300318865,52.8,47.2,1088,88484,4413,14.65801726865874
547,Tenaha,24702,27.5,49.2,39.5,62.3,45.7,7.1,7.1,-,20.186046511627907,50.7,49.3,488,995,0,0.0
548,Terrell,61513,15.1,19.9,14.7,31.7,15.5,8.3,8.3,16.5,9.849959912953842,57.9,42.1,1140,19670,1233,14.94661921708185
549,Terrell Hills,199643,8.9,4.6,6.7,85.9,0.0,12.9,12.9,84.2,1.5857284440039645,79.4,20.6,1100,5036,101,1.7871326449563145
550,Texarkana,48054,21.2,22.8,19.8,42.6,26.0,18.4,18.4,44.7,11.059934532603345,50.7,49.3,913,35859,3089,23.34142056387518
551,Texas City,61359,13.8,16.9,13.6,20.8,16.4,12.5,12.5,35.0,6.3335068540690616,55.4,44.6,1137,56311,3433,18.415584876844665
552,The Colony,106518,6.6,7.2,5.3,10.1,10.0,4.1,4.1,25.1,4.2589707111081,60.5,39.5,1739,45357,2286,8.796878100403466
553,Thorndale,63581,3.8,5.2,5.5,8.1,0.0,10.1,10.1,62.5,0.6360424028268552,69.3,30.7,920,1312,5,2.2865853658536586
554,Tioga,74091,7.4,9.7,9.6,31.6,11.6,7.0,7.0,65.4,1.6605166051660518,71.8,28.2,1565,1220,7,1.639344262295082
555,Todd Mission,135804,0.0,8.5,5.4,0.0,15.4,5.8,5.8,-,0.0,100.0,0.0,-,126,7,0.0
556,Tomball,70829,9.4,12.6,10.4,13.1,20.6,6.6,6.6,36.4,5.981431271054145,49.0,51.0,1188,13322,809,12.535655307010959
557,Tom Bean,75682,0.0,9.9,4.9,10.3,8.5,3.5,3.5,0.0,0.0,64.0,36.0,1152,934,7,3.2119914346895073
558,Tool,65417,7.1,8.7,7.8,16.2,11.9,7.0,7.0,62.8,4.449244060475162,83.2,16.8,1121,2243,43,5.7958091841284
559,Trophy Club,183125,1.7,3.5,2.8,0.0,5.4,3.6,3.6,20.3,1.2872936543995157,91.2,8.8,1908,13794,257,2.464839785413948
560,Tulia,29408,33.7,38.3,28.0,56.3,25.1,18.4,18.4,8.1,15.659955257270694,61.4,38.6,739,4501,354,26.21639635636525
561,Tye,50139,9.8,10.4,9.9,2.1,16.2,9.5,9.5,-,3.3364226135310475,86.1,13.9,971,1192,38,13.422818791946309
562,Tyler,63056,13.5,13.4,10.1,16.7,13.6,10.5,10.5,33.7,7.0172842429264835,54.9,45.1,1113,108422,7357,17.83770821420007
563,Universal City,71287,12.6,10.8,10.9,17.0,15.4,11.4,11.4,18.9,6.5015479876160995,55.7,44.3,1171,19903,1510,17.183339195096217
564,University Park,250000+,4.6,5.0,2.6,0.0,16.1,11.2,11.2,4.6,3.809609582564057,83.6,16.4,2686,24918,482,1.0835540573079703
565,Uvalde,47289,31.2,26.5,24.0,45.8,13.5,22.9,22.9,52.1,10.053774419712749,62.4,37.6,1061,15410,1310,28.487994808565865
566,Valley Mills,43000,12.4,8.0,13.2,6.2,24.9,10.0,10.0,0.0,2.021018593371059,60.9,39.1,1137,1256,44,10.350318471337578
567,Van,61506,14.6,19.7,13.9,60.2,11.7,6.9,6.9,34.9,3.9985190670122175,69.7,30.3,1026,2825,115,5.663716814159292
568,Van Alstyne,75882,0.0,2.3,2.0,0.0,0.0,1.0,1.0,-,0.0,70.4,29.6,1178,6023,206,6.807238917482982
569,Venus,94612,8.0,9.8,11.2,24.0,11.1,1.7,1.7,0.0,1.7224880382775118,92.5,7.5,1442,7843,233,7.012622720897616
570,Vernon,47528,20.8,14.3,15.1,27.4,19.8,6.6,6.6,44.1,8.30223880597015,56.3,43.7,808,9945,437,13.876319758672699
571,Victoria,64832,15.8,20.2,14.4,24.3,19.3,10.9,10.9,40.6,6.1559914765605415,60.8,39.2,1094,65165,4335,17.448016573313897
572,Vidor,56866,9.5,6.5,8.7,23.2,7.8,6.3,6.3,11.3,3.140651085141903,73.8,26.2,791,9671,379,10.029986557749973
573,Waco,47421,23.4,26.0,15.2,28.1,20.1,14.3,14.3,43.2,12.376455919472068,47.3,52.7,1038,140911,10647,23.454520938748573
574,Wake Village,65595,11.6,23.0,12.6,43.6,21.8,1.8,1.8,0.0,10.47554577762735,55.6,44.4,916,5861,165,8.701586759938577
575,Waller,36160,10.4,29.8,26.5,0.0,42.4,20.3,20.3,29.7,13.880320789636029,28.8,71.2,1003,2846,90,7.027406886858748
576,Wallis,38531,25.6,13.1,18.5,9.1,12.8,27.4,27.4,69.2,17.12789827973074,58.7,41.3,700,1302,20,4.608294930875576
577,Watauga,88775,9.0,10.0,9.3,8.0,9.8,11.6,11.6,26.8,3.5752515521301644,77.2,22.8,1744,23027,972,8.120901550353933
578,Waxahachie,80044,8.9,9.6,7.7,18.9,10.5,6.8,6.8,14.4,3.511201226447752,60.2,39.8,1387,45422,2137,8.41002157544802
579,Weatherford,78765,6.5,11.2,8.7,21.1,13.7,7.2,7.2,19.7,3.243385201234325,65.1,34.9,1350,36796,2123,13.642787259484727
580,Webster,58555,9.3,12.6,8.7,16.9,12.3,7.4,7.4,21.9,5.031499370012599,16.3,83.7,1249,11952,2316,21.586345381526105
581,Weimar,60697,8.5,5.4,9.0,33.6,8.1,2.5,2.5,0.0,1.5902366863905326,75.1,24.9,521,2083,62,4.800768122899664
582,Weslaco,53517,21.0,28.1,20.8,39.7,17.7,21.0,21.0,39.7,10.995490808185918,59.5,40.5,884,41478,3419,23.36178214957327
583,West,51875,18.6,13.3,13.6,28.7,12.0,10.6,10.6,0.0,5.606694560669457,60.4,39.6,898,2587,60,6.184770003865481
584,West Columbia,70086,6.1,11.3,6.6,18.7,0.0,4.6,4.6,0.0,6.021446246906791,63.8,36.2,972,3587,145,14.218009478672984
585,West Lake Hills,210000,10.4,6.5,5.4,0.0,14.1,16.7,16.7,0.0,7.052058111380146,88.2,11.8,1566,3220,175,4.037267080745342
586,West Orange,63409,19.7,11.7,4.6,7.5,3.9,6.1,6.1,80.8,13.623103850641774,75.1,24.9,1268,3418,162,11.410181392627267
587,Westover Hills,250000+,6.5,3.2,1.9,-,0.0,9.4,9.4,0.0,4.9813200498132,89.8,10.2,2237,638,17,7.836990595611285
588,West University Place,250000+,0.9,2.5,1.3,0.0,12.4,3.1,3.1,3.1,0.6348994185657956,92.6,7.4,3500+,14524,353,1.5835857890388323
589,Wharton,37722,13.7,27.6,22.9,41.7,28.5,7.9,7.9,42.7,8.360399374473717,45.2,54.8,784,8627,700,16.459951315636953
590,Whitehouse,72900,8.3,15.6,11.3,31.3,10.3,14.7,14.7,46.9,6.501001059945826,71.0,29.0,1585,9175,200,6.975476839237057
591,White Oak,94273,8.3,11.8,8.9,2.3,15.4,8.6,8.6,2.3,9.741935483870968,69.9,30.1,1107,6147,166,9.110135025215552
592,White Settlement,52999,7.9,12.4,11.1,18.4,11.5,10.5,10.5,20.9,4.8033196907685305,60.1,39.9,1185,17954,985,11.418068397014594
593,Wichita Falls,55584,15.3,20.1,13.6,31.5,18.3,9.9,9.9,33.0,8.679028443874733,56.3,43.7,949,103337,8346,25.344261977800787
594,Willis,55876,5.9,9.5,7.6,10.2,5.3,4.6,4.6,0.0,4.272713250038562,61.0,39.0,1307,6986,473,19.896936730604065
595,Willow Park,104931,5.3,13.3,9.9,0.0,1.3,19.6,19.6,0.0,9.748743718592964,86.3,13.7,2303,5427,279,9.028929426939378
596,Wills Point,55100,22.3,28.9,20.6,59.0,10.2,7.2,7.2,33.3,6.79532481652623,51.6,48.4,848,3977,80,5.7832537088257485
597,Wilmer,63003,24.5,12.0,17.0,23.6,18.7,10.3,10.3,33.9,3.3274266587911008,64.7,35.3,1199,5590,251,11.449016100178891
598,Windcrest,85984,14.8,10.9,7.8,9.6,17.2,9.2,9.2,0.0,3.5161744022503516,89.5,10.5,1334,5793,1080,17.089590885551527
599,Wink,111417,6.0,12.3,5.6,12.5,3.3,7.4,7.4,-,3.1697341513292434,84.0,16.0,183,844,12,3.554502369668246
600,Winnsboro,53983,14.9,15.6,16.0,47.0,28.1,6.3,6.3,10.7,6.5740740740740735,57.0,43.0,964,3581,163,7.539793353811784
601,Winters,44426,11.8,24.3,15.9,29.8,15.8,6.5,6.5,0.0,9.94475138121547,75.1,24.9,658,2363,79,6.771053745239103
602,Wolfforth,100703,3.6,7.6,4.8,4.9,6.7,6.9,6.9,14.1,0.969529085872576,78.9,21.1,1388,6482,180,6.479481641468682
603,Woodbranch,79375,39.4,16.2,16.1,22.8,17.3,18.4,18.4,9.7,1.734820322180917,92.1,7.9,1420,1497,0,0.0
604,Woodsboro,57143,0.0,2.6,1.9,0.0,4.7,0.0,0.0,0.0,1.3039934800325998,80.8,19.2,919,1275,26,7.058823529411765
605,Woodville,42778,17.7,11.9,13.4,4.1,26.4,8.9,8.9,11.4,7.927677329624479,47.9,52.1,941,2471,78,5.6657223796034
606,Woodway,111014,2.8,5.0,1.8,5.9,7.0,4.1,4.1,37.4,1.668819982773471,87.8,12.2,1720,9514,238,1.6817321841496742
607,Wortham,42574,20.3,18.5,19.7,12.0,22.4,21.1,21.1,-,6.60377358490566,57.2,42.8,844,1015,53,7.881773399014778
608,Wylie,109465,6.3,5.2,4.8,19.3,3.5,4.1,4.1,1.3,3.302849103060148,76.7,23.3,1844,60910,1127,6.402889509111804
609,Yoakum,44627,12.1,16.2,10.7,15.2,12.4,3.0,3.0,0.0,8.551236749116606,68.0,32.0,849,5958,79,2.853306478684122
610,Zavalla,-,22.7,26.0,17.9,47.0,7.6,17.5,17.5,33.3,14.85148514851485,77.4,22.6,850,610,34,9.836065573770492
